X,Y,Theta
0.0,0.0,
0.0,0.0,
0.0,0.0,
0.0,0.0,
0.0,0.0,
0.0,0.0,
0.0,0.0,
0.0,0.0,
0.0,0.0,
0.0,0.0,
0.0,0.0,
0.0,0.0,
0.0,0.0,
0.0,0.0,
0.0,0.0,
0.0,0.0,
0.0,0.0,
0.0,0.0,
0.0,0.0,
0.0,0.0,
0.0,0.0,
0.0,0.0,
0.0,0.0,
0.0,0.0,
0.0,0.0,
0.0,0.0,
0.0,0.0,
0.0,0.0,
0.0,0.0,
0.0,0.0,
0.0,0.0,
0.0,0.0,
0.0,0.0,
0.0,0.0,
0.0,0.0,
0.0,0.0,
0.0,0.0,
0.0,0.0,
0.0,0.0,
0.0,0.0,
0.0,0.0,
0.0,0.0,
0.0,0.0,
0.0,0.0,
0.0,0.0,
0.0,0.0,
0.0,0.0,
0.0,0.0,
0.0,0.0,
0.0,0.0,
0.0,0.0,
0.0,0.0,
0.0,0.0,
0.0,0.0,
0.0,0.0,
0.0,0.0,
0.0,0.0,
0.0,0.0,
0.0,0.0,
0.0,0.0,
0.0,0.0,
0.0,0.0,
0.0,0.0,
0.0,0.0,
0.0,0.0,
0.0,0.0,
0.0,0.0,
0.0,0.0,
0.0,0.0,
0.0,0.0,
0.0,0.0,
0.0,0.0,
0.0,0.0,
0.0,0.0,
0.0,0.0,
0.0,0.0,
0.0,0.0,
0.0,0.0,
0.0,0.0,
0.0,0.0,
0.0,0.0,
0.0,0.0,
0.0,0.0,
0.0,0.0,
0.0,0.0,
0.0,0.0,
0.0,0.0,
0.0,0.0,
0.0,0.0,
0.0,0.0,
0.0,0.0,
0.0,0.0,
0.0,0.0,
0.0,0.0,
0.0,0.0,
0.0,0.0,
0.0,0.0,
0.0,0.0,
0.0,0.0,
0.0,0.0,
0.0,0.0,
0.0,0.0,
0.0,0.0,
0.0,0.0,
0.0,0.0,
0.0,0.0,
0.0,0.0,
0.0,0.0,
0.0,0.0,
0.0,0.0,
0.0,0.0,
0.0,0.0,
0.0,0.0,
0.0,0.0,
0.0,0.0,
0.0,0.0,
0.0,0.0,
0.0,0.0,
0.0,0.0,
0.0,0.0,
0.0,0.0,
0.0,0.0,
0.0,0.0,
0.0,-0.0,
0.0,-0.0,
0.01,-0.0,
0.01,-0.0,
0.01,-0.0,
0.01,-0.0,
0.01,-0.0,
0.01,-0.0,
0.02,-0.0,
0.02,-0.0,
0.02,-0.0,
0.03,-0.0,
0.03,-0.0,
0.04,-0.01,
0.04,-0.01,
0.05,-0.01,
0.05,-0.01,
0.06,-0.01,
0.06,-0.01,
0.07,-0.01,
0.07,-0.01,
0.08,-0.01,
0.08,-0.01,
0.09,-0.02,
0.09,-0.02,
0.1,-0.02,
0.11,-0.02,
0.11,-0.02,
0.12,-0.02,
0.12,-0.02,
0.13,-0.02,
0.13,-0.02,
0.14,-0.03,
0.14,-0.03,
0.15,-0.03,
0.15,-0.03,
0.16,-0.03,
0.16,-0.03,
0.17,-0.03,
0.17,-0.03,
0.18,-0.03,
0.18,-0.04,
0.19,-0.04,
0.19,-0.04,
0.2,-0.04,
0.2,-0.04,
0.21,-0.04,
0.21,-0.04,
0.22,-0.04,
0.22,-0.04,
0.23,-0.05,
0.23,-0.05,
0.24,-0.05,
0.24,-0.05,
0.25,-0.05,
0.25,-0.05,
0.26,-0.05,
0.26,-0.05,
0.27,-0.05,
0.28,-0.06,
0.28,-0.06,
0.29,-0.06,
0.29,-0.06,
0.3,-0.06,
0.3,-0.06,
0.31,-0.06,
0.31,-0.06,
0.32,-0.06,
0.32,-0.07,
0.33,-0.07,
0.33,-0.07,
0.34,-0.07,
0.34,-0.07,
0.35,-0.07,
0.35,-0.07,
0.36,-0.07,
0.36,-0.08,
0.37,-0.08,
0.37,-0.08,
0.37,-0.08,
0.37,-0.08,
0.38,-0.08,
0.38,-0.08,
0.38,-0.08,
0.38,-0.08,
0.38,-0.08,
0.38,-0.08,
0.38,-0.08,
0.38,-0.08,
0.38,-0.08,
0.38,-0.08,
0.38,-0.08,
0.38,-0.08,
0.38,-0.08,
0.38,-0.08,
0.38,-0.08,
0.38,-0.08,
0.38,-0.08,
0.38,-0.08,
0.38,-0.08,
0.38,-0.08,
0.38,-0.08,
0.38,-0.08,
0.38,-0.08,
0.38,-0.08,
0.38,-0.08,
0.38,-0.08,
0.38,-0.08,
0.38,-0.08,
0.38,-0.08,
0.38,-0.08,
0.38,-0.08,
0.38,-0.08,
0.38,-0.08,
0.38,-0.08,
0.38,-0.08,
0.38,-0.08,
0.38,-0.08,
0.38,-0.08,
0.38,-0.08,
0.38,-0.08,
0.38,-0.08,
0.38,-0.08,
0.38,-0.08,
0.38,-0.08,
0.38,-0.08,
0.38,-0.08,
0.38,-0.08,
0.38,-0.08,
0.38,-0.08,
0.39,-0.08,
0.39,-0.08,
0.39,-0.08,
0.39,-0.08,
0.39,-0.08,
0.4,-0.08,
0.4,-0.08,
0.4,-0.09,
0.4,-0.09,
0.41,-0.09,
0.41,-0.09,
0.41,-0.09,
0.41,-0.09,
0.42,-0.09,
0.42,-0.1,
0.42,-0.1,
0.42,-0.1,
0.42,-0.1,
0.43,-0.1,
0.43,-0.1,
0.43,-0.11,
0.43,-0.11,
0.43,-0.11,
0.43,-0.11,
0.44,-0.11,
0.44,-0.12,
0.44,-0.12,
0.44,-0.12,
0.44,-0.12,
0.44,-0.13,
0.44,-0.13,
0.45,-0.13,
0.45,-0.13,
0.45,-0.14,
0.45,-0.14,
0.45,-0.14,
0.45,-0.14,
0.45,-0.15,
0.45,-0.15,
0.45,-0.15,
0.45,-0.15,
0.45,-0.16,
0.45,-0.16,
0.45,-0.16,
0.45,-0.16,
0.45,-0.17,
0.45,-0.17,
0.45,-0.17,
0.45,-0.17,
0.45,-0.18,
0.45,-0.18,
0.45,-0.18,
0.45,-0.18,
0.45,-0.19,
0.45,-0.19,
0.45,-0.19,
0.45,-0.19,
0.45,-0.2,
0.45,-0.2,
0.45,-0.2,
0.45,-0.2,
0.44,-0.21,
0.44,-0.21,
0.44,-0.21,
0.44,-0.21,
0.44,-0.22,
0.44,-0.22,
0.44,-0.22,
0.43,-0.22,
0.43,-0.23,
0.43,-0.23,
0.43,-0.23,
0.42,-0.24,
0.42,-0.24,
0.42,-0.25,
0.41,-0.25,
0.41,-0.25,
0.41,-0.26,
0.4,-0.26,
0.4,-0.27,
0.4,-0.27,
0.39,-0.28,
0.39,-0.28,
0.39,-0.28,
0.38,-0.29,
0.38,-0.29,
0.38,-0.3,
0.37,-0.3,
0.37,-0.3,
0.37,-0.31,
0.36,-0.31,
0.36,-0.32,
0.36,-0.32,
0.36,-0.32,
0.35,-0.33,
0.35,-0.33,
0.35,-0.34,
0.34,-0.34,
0.34,-0.35,
0.34,-0.35,
0.33,-0.35,
0.33,-0.36,
0.33,-0.36,
0.32,-0.37,
0.32,-0.37,
0.32,-0.37,
0.31,-0.38,
0.31,-0.38,
0.31,-0.39,
0.3,-0.39,
0.3,-0.39,
0.3,-0.4,
0.29,-0.4,
0.29,-0.41,
0.29,-0.41,
0.28,-0.42,
0.28,-0.42,
0.28,-0.42,
0.27,-0.43,
0.27,-0.43,
0.27,-0.44,
0.26,-0.44,
0.26,-0.44,
0.26,-0.45,
0.25,-0.45,
0.25,-0.46,
0.24,-0.46,
0.24,-0.46,
0.24,-0.47,
0.23,-0.47,
0.23,-0.48,
0.23,-0.48,
0.22,-0.49,
0.22,-0.49,
0.22,-0.49,
0.21,-0.5,
0.21,-0.5,
0.21,-0.51,
0.2,-0.51,
0.2,-0.51,
0.2,-0.52,
0.19,-0.52,
0.19,-0.53,
0.19,-0.53,
0.18,-0.53,
0.18,-0.54,
0.18,-0.54,
0.17,-0.55,
0.17,-0.55,
0.17,-0.55,
0.16,-0.56,
0.16,-0.56,
0.16,-0.57,
0.15,-0.57,
0.15,-0.58,
0.15,-0.58,
0.14,-0.58,
0.14,-0.59,
0.14,-0.59,
0.13,-0.6,
0.13,-0.6,
0.13,-0.6,
0.12,-0.61,
0.12,-0.61,
0.12,-0.62,
0.11,-0.62,
0.11,-0.62,
0.11,-0.63,
0.1,-0.63,
0.1,-0.64,
0.1,-0.64,
0.09,-0.65,
0.09,-0.65,
0.09,-0.65,
0.08,-0.66,
0.08,-0.66,
0.08,-0.67,
0.07,-0.67,
0.07,-0.67,
0.07,-0.68,
0.06,-0.68,
0.06,-0.69,
0.06,-0.69,
0.05,-0.69,
0.05,-0.7,
0.05,-0.7,
0.04,-0.71,
0.04,-0.71,
0.04,-0.71,
0.03,-0.72,
0.03,-0.72,
0.03,-0.73,
0.02,-0.73,
0.02,-0.73,
0.02,-0.74,
0.02,-0.74,
0.01,-0.74,
0.01,-0.74,
0.01,-0.74,
0.01,-0.74,
0.01,-0.74,
0.01,-0.74,
0.01,-0.74,
0.01,-0.74,
0.01,-0.74,
0.01,-0.74,
0.01,-0.74,
0.01,-0.74,
0.01,-0.74,
0.01,-0.74,
0.01,-0.74,
0.01,-0.74,
0.01,-0.74,
0.01,-0.74,
0.01,-0.74,
0.01,-0.74,
0.01,-0.74,
0.01,-0.74,
0.01,-0.74,
0.01,-0.74,
0.01,-0.74,
0.01,-0.74,
0.01,-0.74,
0.01,-0.74,
0.01,-0.74,
0.01,-0.74,
0.01,-0.74,
0.01,-0.74,
0.01,-0.74,
0.01,-0.74,
0.01,-0.74,
0.01,-0.74,
0.01,-0.74,
0.01,-0.74,
0.01,-0.74,
0.01,-0.74,
0.01,-0.74,
0.01,-0.74,
0.01,-0.74,
0.01,-0.74,
0.01,-0.74,
0.01,-0.74,
0.01,-0.74,
0.01,-0.74,
0.01,-0.75,
0.01,-0.75,
0.01,-0.75,
0.01,-0.75,
0.0,-0.75,
0.0,-0.75,
0.0,-0.76,
-0.0,-0.76,
-0.0,-0.76,
-0.01,-0.76,
-0.01,-0.76,
-0.01,-0.76,
-0.01,-0.77,
-0.01,-0.77,
-0.02,-0.77,
-0.02,-0.77,
-0.02,-0.77,
-0.02,-0.77,
-0.03,-0.77,
-0.03,-0.77,
-0.03,-0.77,
-0.03,-0.77,
-0.04,-0.78,
-0.04,-0.78,
-0.04,-0.78,
-0.04,-0.78,
-0.05,-0.78,
-0.05,-0.78,
-0.05,-0.78,
-0.05,-0.78,
-0.06,-0.78,
-0.06,-0.78,
-0.06,-0.78,
-0.07,-0.78,
-0.07,-0.78,
-0.07,-0.78,
-0.07,-0.78,
-0.08,-0.78,
-0.08,-0.78,
-0.08,-0.78,
-0.08,-0.78,
-0.09,-0.78,
-0.09,-0.77,
-0.09,-0.77,
-0.09,-0.77,
-0.1,-0.77,
-0.1,-0.77,
-0.1,-0.77,
-0.1,-0.77,
-0.11,-0.77,
-0.11,-0.77,
-0.11,-0.76,
-0.11,-0.76,
-0.11,-0.76,
-0.12,-0.76,
-0.12,-0.76,
-0.12,-0.76,
-0.12,-0.75,
-0.12,-0.75,
-0.13,-0.75,
-0.13,-0.75,
-0.13,-0.75,
-0.13,-0.75,
-0.13,-0.74,
-0.13,-0.74,
-0.14,-0.74,
-0.14,-0.74,
-0.14,-0.73,
-0.14,-0.73,
-0.14,-0.73,
-0.14,-0.73,
-0.15,-0.72,
-0.15,-0.72,
-0.15,-0.71,
-0.15,-0.71,
-0.15,-0.7,
-0.16,-0.7,
-0.16,-0.69,
-0.16,-0.69,
-0.16,-0.68,
-0.16,-0.68,
-0.17,-0.68,
-0.17,-0.67,
-0.17,-0.67,
-0.17,-0.66,
-0.18,-0.66,
-0.18,-0.65,
-0.18,-0.65,
-0.18,-0.64,
-0.18,-0.64,
-0.19,-0.63,
-0.19,-0.63,
-0.19,-0.62,
-0.19,-0.62,
-0.19,-0.61,
-0.2,-0.61,
-0.2,-0.6,
-0.2,-0.6,
-0.2,-0.59,
-0.21,-0.59,
-0.21,-0.58,
-0.21,-0.58,
-0.21,-0.57,
-0.21,-0.57,
-0.22,-0.56,
-0.22,-0.56,
-0.22,-0.55,
-0.22,-0.55,
-0.22,-0.54,
-0.23,-0.54,
-0.23,-0.54,
-0.23,-0.53,
-0.23,-0.53,
-0.24,-0.52,
-0.24,-0.52,
-0.24,-0.51,
-0.24,-0.51,
-0.24,-0.5,
-0.25,-0.5,
-0.25,-0.49,
-0.25,-0.49,
-0.25,-0.48,
-0.25,-0.48,
-0.26,-0.47,
-0.26,-0.47,
-0.26,-0.46,
-0.26,-0.46,
-0.27,-0.45,
-0.27,-0.45,
-0.27,-0.44,
-0.27,-0.44,
-0.27,-0.43,
-0.28,-0.43,
-0.28,-0.42,
-0.28,-0.42,
-0.28,-0.41,
-0.28,-0.41,
-0.29,-0.4,
-0.29,-0.4,
-0.29,-0.39,
-0.29,-0.39,
-0.29,-0.38,
-0.3,-0.38,
-0.3,-0.37,
-0.3,-0.37,
-0.3,-0.36,
-0.31,-0.36,
-0.31,-0.35,
-0.31,-0.35,
-0.31,-0.35,
-0.31,-0.34,
-0.32,-0.34,
-0.32,-0.33,
-0.32,-0.33,
-0.32,-0.32,
-0.32,-0.32,
-0.33,-0.31,
-0.33,-0.31,
-0.33,-0.3,
-0.33,-0.3,
-0.33,-0.29,
-0.34,-0.29,
-0.34,-0.28,
-0.34,-0.28,
-0.34,-0.27,
-0.34,-0.27,
-0.35,-0.26,
-0.35,-0.26,
-0.35,-0.25,
-0.35,-0.25,
-0.35,-0.24,
-0.36,-0.24,
-0.36,-0.23,
-0.36,-0.23,
-0.36,-0.22,
-0.37,-0.22,
-0.37,-0.21,
-0.37,-0.21,
-0.37,-0.2,
-0.37,-0.2,
-0.38,-0.19,
-0.38,-0.19,
-0.38,-0.18,
-0.38,-0.18,
-0.38,-0.17,
-0.39,-0.17,
-0.39,-0.16,
-0.39,-0.16,
-0.39,-0.15,
-0.39,-0.15,
-0.4,-0.14,
-0.4,-0.14,
-0.4,-0.13,
-0.4,-0.13,
-0.4,-0.12,
-0.41,-0.12,
-0.41,-0.12,
-0.41,-0.11,
-0.41,-0.11,
-0.41,-0.1,
-0.42,-0.1,
-0.42,-0.09,
-0.42,-0.09,
-0.42,-0.08,
-0.43,-0.08,
-0.43,-0.07,
-0.43,-0.07,
-0.43,-0.06,
-0.43,-0.06,
-0.44,-0.05,
-0.44,-0.05,
-0.44,-0.04,
-0.44,-0.04,
-0.44,-0.03,
-0.45,-0.03,
-0.45,-0.02,
-0.45,-0.02,
-0.45,-0.01,
-0.45,-0.01,
-0.46,-0.0,
-0.46,0.0,
-0.46,0.01,
-0.46,0.01,
-0.46,0.02,
-0.47,0.02,
-0.47,0.03,
-0.47,0.03,
-0.47,0.04,
-0.47,0.04,
-0.48,0.05,
-0.48,0.05,
-0.48,0.06,
-0.48,0.06,
-0.48,0.07,
-0.49,0.07,
-0.49,0.08,
-0.49,0.08,
-0.49,0.09,
-0.49,0.09,
-0.5,0.1,
-0.5,0.1,
-0.5,0.11,
-0.5,0.11,
-0.5,0.12,
-0.51,0.12,
-0.51,0.13,
-0.51,0.13,
-0.51,0.14,
-0.52,0.14,
-0.52,0.15,
-0.52,0.15,
-0.52,0.16,
-0.52,0.16,
-0.53,0.16,
-0.53,0.17,
-0.53,0.17,
-0.53,0.18,
-0.53,0.18,
-0.54,0.19,
-0.54,0.19,
-0.54,0.2,
-0.54,0.2,
-0.54,0.21,
-0.55,0.21,
-0.55,0.22,
-0.55,0.22,
-0.55,0.23,
-0.55,0.23,
-0.56,0.24,
-0.56,0.24,
-0.56,0.25,
-0.56,0.25,
-0.56,0.25,
-0.56,0.25,
-0.56,0.26,
-0.56,0.26,
-0.56,0.26,
-0.56,0.26,
-0.56,0.26,
-0.56,0.26,
-0.56,0.26,
-0.56,0.26,
-0.56,0.26,
-0.56,0.26,
-0.56,0.26,
-0.56,0.26,
-0.56,0.26,
-0.56,0.26,
-0.56,0.26,
-0.56,0.26,
-0.56,0.26,
-0.56,0.26,
-0.56,0.26,
-0.56,0.26,
-0.56,0.26,
-0.56,0.26,
-0.56,0.26,
-0.56,0.26,
-0.56,0.26,
-0.56,0.26,
-0.56,0.26,
-0.56,0.26,
-0.56,0.26,
-0.56,0.26,
-0.56,0.26,
-0.56,0.26,
-0.56,0.26,
-0.56,0.26,
-0.56,0.26,
-0.56,0.26,
-0.56,0.26,
-0.56,0.26,
-0.56,0.26,
-0.56,0.26,
-0.56,0.26,
-0.56,0.26,
-0.56,0.26,
-0.56,0.26,
-0.56,0.26,
-0.56,0.26,
-0.56,0.26,
-0.56,0.26,
-0.57,0.26,
-0.57,0.27,
-0.57,0.27,
-0.57,0.27,
-0.57,0.27,
-0.57,0.27,
-0.57,0.28,
-0.57,0.28,
-0.57,0.28,
-0.57,0.28,
-0.57,0.29,
-0.57,0.29,
-0.57,0.29,
-0.57,0.3,
-0.57,0.3,
-0.57,0.3,
-0.57,0.3,
-0.57,0.31,
-0.57,0.31,
-0.57,0.31,
-0.57,0.31,
-0.57,0.32,
-0.57,0.32,
-0.57,0.32,
-0.57,0.32,
-0.57,0.33,
-0.57,0.33,
-0.56,0.33,
-0.56,0.33,
-0.56,0.34,
-0.56,0.34,
-0.56,0.34,
-0.56,0.34,
-0.56,0.35,
-0.56,0.35,
-0.55,0.35,
-0.55,0.35,
-0.55,0.35,
-0.55,0.36,
-0.55,0.36,
-0.55,0.36,
-0.54,0.36,
-0.54,0.36,
-0.54,0.37,
-0.54,0.37,
-0.54,0.37,
-0.53,0.37,
-0.53,0.37,
-0.53,0.37,
-0.53,0.37,
-0.53,0.38,
-0.52,0.38,
-0.52,0.38,
-0.52,0.38,
-0.52,0.38,
-0.51,0.38,
-0.51,0.38,
-0.51,0.38,
-0.51,0.38,
-0.5,0.38,
-0.5,0.39,
-0.5,0.39,
-0.5,0.39,
-0.49,0.39,
-0.49,0.39,
-0.49,0.39,
-0.49,0.39,
-0.48,0.39,
-0.48,0.39,
-0.48,0.39,
-0.47,0.39,
-0.47,0.39,
-0.46,0.39,
-0.46,0.39,
-0.45,0.39,
-0.45,0.39,
-0.44,0.39,
-0.44,0.39,
-0.43,0.39,
-0.43,0.38,
-0.42,0.38,
-0.41,0.38,
-0.41,0.38,
-0.4,0.38,
-0.4,0.38,
-0.39,0.38,
-0.39,0.38,
-0.38,0.38,
-0.38,0.38,
-0.37,0.38,
-0.37,0.38,
-0.36,0.38,
-0.36,0.38,
-0.35,0.38,
-0.35,0.38,
-0.34,0.38,
-0.34,0.38,
-0.33,0.38,
-0.33,0.38,
-0.32,0.38,
-0.31,0.38,
-0.31,0.38,
-0.3,0.38,
-0.3,0.38,
-0.29,0.38,
-0.29,0.38,
-0.28,0.38,
-0.28,0.38,
-0.27,0.37,
-0.27,0.37,
-0.26,0.37,
-0.26,0.37,
-0.25,0.37,
-0.25,0.37,
-0.24,0.37,
-0.24,0.37,
-0.23,0.37,
-0.22,0.37,
-0.22,0.37,
-0.21,0.37,
-0.21,0.37,
-0.2,0.37,
-0.2,0.37,
-0.19,0.37,
-0.19,0.37,
-0.18,0.37,
-0.18,0.37,
-0.17,0.37,
-0.17,0.37,
-0.16,0.37,
-0.16,0.37,
-0.15,0.37,
-0.15,0.37,
-0.14,0.36,
-0.13,0.36,
-0.13,0.36,
-0.12,0.36,
-0.12,0.36,
-0.11,0.36,
-0.11,0.36,
-0.1,0.36,
-0.1,0.36,
-0.09,0.36,
-0.09,0.36,
-0.08,0.36,
-0.08,0.36,
-0.07,0.36,
-0.07,0.36,
-0.06,0.36,
-0.06,0.36,
-0.05,0.36,
-0.04,0.36,
-0.04,0.36,
-0.03,0.36,
-0.03,0.36,
-0.02,0.36,
-0.02,0.36,
-0.01,0.35,
-0.01,0.35,
-0.0,0.35,
0.0,0.35,
0.01,0.35,
0.01,0.35,
0.02,0.35,
0.02,0.35,
0.03,0.35,
0.04,0.35,
0.04,0.35,
0.05,0.35,
0.05,0.35,
0.05,0.35,
0.06,0.35,
0.06,0.35,
0.06,0.35,
0.06,0.35,
0.06,0.35,
0.06,0.35,
0.06,0.35,
0.06,0.35,
0.06,0.35,
0.06,0.35,
0.06,0.35,
0.06,0.35,
0.06,0.35,
0.06,0.35,
0.06,0.35,
0.06,0.35,
0.06,0.35,
0.06,0.35,
0.06,0.35,
0.06,0.35,
0.06,0.35,
0.06,0.35,
0.06,0.35,
0.06,0.35,
0.06,0.35,
0.06,0.35,
0.06,0.35,
0.06,0.35,
0.06,0.35,
0.06,0.35,
0.06,0.35,
0.06,0.35,
0.06,0.35,
0.06,0.35,
0.06,0.35,
0.06,0.35,
0.06,0.35,
0.06,0.35,
0.06,0.35,
0.06,0.35,
0.06,0.35,
0.06,0.35,
0.06,0.35,
0.06,0.35,
0.06,0.35,
0.06,0.35,
0.06,0.35,
0.06,0.35,
0.06,0.35,
0.06,0.35,
0.07,0.35,
0.07,0.35,
0.07,0.35,
0.07,0.35,
0.08,0.35,
0.08,0.35,
0.08,0.35,
0.08,0.34,
0.09,0.34,
0.09,0.34,
0.09,0.34,
0.09,0.34,
0.09,0.34,
0.1,0.34,
0.1,0.34,
0.1,0.34,
0.1,0.33,
0.11,0.33,
0.11,0.33,
0.11,0.33,
0.11,0.33,
0.11,0.33,
0.12,0.33,
0.12,0.32,
0.12,0.32,
0.12,0.32,
0.12,0.32,
0.13,0.32,
0.13,0.31,
0.13,0.31,
0.13,0.31,
0.13,0.31,
0.13,0.31,
0.14,0.3,
0.14,0.3,
0.14,0.3,
0.14,0.3,
0.14,0.29,
0.14,0.29,
0.14,0.29,
0.14,0.29,
0.14,0.28,
0.14,0.28,
0.14,0.28,
0.15,0.28,
0.15,0.27,
0.15,0.27,
0.15,0.27,
0.15,0.27,
0.15,0.26,
0.15,0.26,
0.15,0.26,
0.15,0.26,
0.15,0.25,
0.15,0.25,
0.15,0.25,
0.15,0.24,
0.15,0.24,
0.15,0.24,
0.14,0.24,
0.14,0.23,
0.14,0.23,
0.14,0.23,
0.14,0.23,
0.14,0.22,
0.14,0.22,
0.14,0.22,
0.14,0.22,
0.14,0.22,
0.14,0.21,
0.13,0.21,
0.13,0.21,
0.13,0.21,
0.13,0.2,
0.13,0.2,
0.13,0.2,
0.12,0.2,
0.12,0.2,
0.12,0.19,
0.12,0.19,
0.12,0.19,
0.12,0.19,
0.11,0.19,
0.11,0.19,
0.11,0.18,
0.11,0.18,
0.11,0.18,
0.1,0.18,
0.1,0.18,
0.1,0.18,
0.1,0.18,
0.09,0.17,
0.09,0.17,
0.09,0.17,
0.09,0.17,
0.08,0.17,
0.08,0.17,
0.08,0.17,
0.08,0.17,
0.07,0.17,
0.07,0.17,
0.07,0.17,
0.07,0.17,
0.06,0.17,
0.06,0.17,
0.06,0.17,
0.06,0.17,
0.05,0.17,
0.05,0.17,
0.05,0.17,
0.04,0.17,
0.04,0.17,
0.04,0.17,
0.04,0.17,
0.03,0.17,
0.03,0.17,
0.03,0.17,
0.03,0.17,
0.02,0.17,
0.02,0.17,
0.02,0.17,
0.02,0.18,
0.01,0.18,
0.01,0.18,
0.01,0.18,
0.01,0.18,
0.01,0.18,
0.0,0.18,
0.0,0.19,
-0.0,0.19,
-0.0,0.19,
-0.0,0.19,
-0.01,0.19,
-0.01,0.19,
-0.01,0.2,
-0.01,0.2,
-0.01,0.2,
-0.02,0.2,
-0.02,0.2,
-0.02,0.21,
-0.02,0.21,
-0.02,0.21,
-0.02,0.21,
-0.02,0.22,
-0.03,0.22,
-0.03,0.22,
-0.03,0.22,
-0.03,0.22,
-0.03,0.23,
-0.03,0.23,
-0.03,0.23,
-0.03,0.23,
-0.03,0.24,
-0.03,0.24,
-0.03,0.24,
-0.03,0.24,
-0.03,0.25,
-0.03,0.25,
-0.03,0.25,
-0.03,0.26,
-0.03,0.26,
-0.03,0.26,
-0.03,0.26,
-0.03,0.27,
-0.03,0.27,
-0.03,0.27,
-0.03,0.27,
-0.03,0.28,
-0.03,0.28,
-0.03,0.28,
-0.03,0.28,
-0.03,0.29,
-0.03,0.29,
-0.03,0.29,
-0.03,0.29,
-0.03,0.3,
-0.02,0.3,
-0.02,0.3,
-0.02,0.3,
-0.02,0.31,
-0.02,0.31,
-0.02,0.31,
-0.02,0.31,
-0.01,0.31,
-0.01,0.32,
-0.01,0.32,
-0.01,0.32,
-0.01,0.32,
-0.01,0.32,
-0.0,0.33,
-0.0,0.33,
0.0,0.33,
0.0,0.33,
0.0,0.33,
0.01,0.33,
0.01,0.34,
0.01,0.34,
0.01,0.34,
0.02,0.34,
0.02,0.34,
0.02,0.34,
0.02,0.34,
0.03,0.34,
0.03,0.34,
0.03,0.34,
0.03,0.35,
0.04,0.35,
0.04,0.35,
0.04,0.35,
0.04,0.35,
0.05,0.35,
0.05,0.35,
0.05,0.35,
0.05,0.35,
0.06,0.35,
0.06,0.35,
0.06,0.35,
0.06,0.35,
0.0,0.0,
0.01,-0.0,
0.01,-0.0,
0.02,-0.0,
0.02,-0.0,
0.03,-0.0,
0.03,-0.0,
0.04,-0.0,
0.04,-0.0,
0.05,-0.0,
0.05,-0.0,
0.06,-0.0,
0.06,-0.0,
0.07,-0.0,
0.07,-0.0,
0.08,-0.01,
0.08,-0.01,
0.09,-0.01,
0.09,-0.01,
0.1,-0.01,
0.1,-0.01,
0.11,-0.01,
0.11,-0.01,
0.12,-0.01,
0.13,-0.01,
0.13,-0.01,
0.14,-0.01,
0.14,-0.01,
0.15,-0.01,
0.15,-0.01,
0.16,-0.01,
0.16,-0.01,
0.17,-0.01,
0.17,-0.01,
0.18,-0.01,
0.18,-0.01,
0.19,-0.01,
0.19,-0.01,
0.2,-0.02,
0.2,-0.02,
0.21,-0.02,
0.22,-0.02,
0.22,-0.02,
0.23,-0.02,
0.23,-0.02,
0.24,-0.02,
0.24,-0.02,
0.25,-0.02,
0.25,-0.02,
0.26,-0.02,
0.26,-0.02,
0.27,-0.02,
0.27,-0.02,
0.28,-0.02,
0.28,-0.02,
0.29,-0.02,
0.29,-0.02,
0.3,-0.02,
0.31,-0.03,
0.31,-0.03,
0.32,-0.03,
0.32,-0.03,
0.33,-0.03,
0.33,-0.03,
0.34,-0.03,
0.34,-0.03,
0.35,-0.03,
0.35,-0.03,
0.36,-0.03,
0.36,-0.03,
0.37,-0.03,
0.37,-0.03,
0.38,-0.03,
0.38,-0.03,
0.39,-0.03,
0.4,-0.03,
0.4,-0.03,
0.41,-0.04,
0.41,-0.04,
0.42,-0.04,
0.42,-0.04,
0.43,-0.04,
0.43,-0.04,
0.44,-0.04,
0.44,-0.04,
0.45,-0.04,
0.45,-0.04,
0.46,-0.04,
0.46,-0.04,
0.47,-0.04,
0.47,-0.04,
0.48,-0.04,
0.49,-0.04,
0.49,-0.04,
0.5,-0.05,
0.5,-0.05,
0.51,-0.05,
0.51,-0.05,
0.52,-0.05,
0.52,-0.05,
0.53,-0.05,
0.53,-0.05,
0.54,-0.05,
0.54,-0.05,
0.55,-0.05,
0.55,-0.05,
0.56,-0.05,
0.56,-0.05,
0.57,-0.05,
0.58,-0.05,
0.58,-0.05,
0.59,-0.06,
0.59,-0.06,
0.6,-0.06,
0.6,-0.06,
0.61,-0.06,
0.61,-0.06,
0.62,-0.06,
0.62,-0.06,
0.63,-0.06,
0.63,-0.06,
0.64,-0.06,
0.64,-0.06,
0.65,-0.06,
0.65,-0.06,
0.66,-0.06,
0.67,-0.06,
0.67,-0.06,
0.68,-0.07,
0.68,-0.07,
0.69,-0.07,
0.69,-0.07,
0.7,-0.07,
0.7,-0.07,
0.71,-0.07,
0.71,-0.07,
0.72,-0.07,
0.72,-0.07,
0.73,-0.07,
0.73,-0.07,
0.74,-0.07,
0.75,-0.07,
0.75,-0.07,
0.76,-0.08,
0.76,-0.08,
0.77,-0.08,
0.77,-0.08,
0.78,-0.08,
0.78,-0.08,
0.79,-0.08,
0.79,-0.08,
0.8,-0.08,
0.8,-0.08,
0.81,-0.08,
0.81,-0.08,
0.82,-0.08,
0.82,-0.08,
0.83,-0.08,
0.84,-0.09,
0.84,-0.09,
0.85,-0.09,
0.85,-0.09,
0.86,-0.09,
0.86,-0.09,
0.87,-0.09,
0.87,-0.09,
0.88,-0.09,
0.88,-0.09,
0.89,-0.09,
0.89,-0.09,
0.9,-0.09,
0.9,-0.09,
0.91,-0.09,
0.91,-0.1,
0.92,-0.1,
0.93,-0.1,
0.93,-0.1,
0.94,-0.1,
0.94,-0.1,
0.95,-0.1,
0.95,-0.1,
0.96,-0.1,
0.96,-0.1,
0.97,-0.1,
0.97,-0.1,
0.98,-0.1,
0.98,-0.1,
0.99,-0.11,
0.99,-0.11,
1.0,-0.11,
1.0,-0.11,
1.01,-0.11,
1.01,-0.11,
1.02,-0.11,
1.03,-0.11,
1.03,-0.11,
1.04,-0.11,
1.04,-0.11,
1.05,-0.11,
1.05,-0.11,
1.06,-0.11,
1.06,-0.12,
1.07,-0.12,
1.07,-0.12,
1.07,-0.12,
1.07,-0.12,
1.07,-0.12,
1.07,-0.12,
1.07,-0.12,
1.08,-0.12,
1.08,-0.12,
1.08,-0.12,
1.08,-0.12,
1.08,-0.12,
1.08,-0.12,
1.08,-0.12,
1.08,-0.12,
1.08,-0.12,
1.08,-0.12,
1.08,-0.12,
1.08,-0.12,
1.08,-0.12,
1.08,-0.12,
1.08,-0.12,
1.08,-0.12,
1.08,-0.12,
1.08,-0.12,
1.08,-0.12,
1.08,-0.12,
1.08,-0.12,
1.08,-0.12,
1.08,-0.12,
1.08,-0.12,
1.08,-0.12,
1.08,-0.12,
1.08,-0.12,
1.08,-0.12,
1.08,-0.12,
1.08,-0.12,
1.08,-0.12,
1.08,-0.12,
1.08,-0.12,
1.08,-0.12,
1.08,-0.12,
1.08,-0.12,
1.08,-0.12,
1.08,-0.12,
1.08,-0.12,
1.08,-0.12,
1.08,-0.12,
1.08,-0.12,
1.08,-0.12,
1.08,-0.12,
1.08,-0.12,
1.08,-0.12,
1.08,-0.12,
1.09,-0.12,
1.09,-0.12,
1.09,-0.12,
1.09,-0.12,
1.1,-0.12,
1.1,-0.12,
1.1,-0.12,
1.1,-0.12,
1.1,-0.13,
1.11,-0.13,
1.11,-0.13,
1.11,-0.13,
1.11,-0.13,
1.12,-0.13,
1.12,-0.13,
1.12,-0.13,
1.12,-0.14,
1.12,-0.14,
1.13,-0.14,
1.13,-0.14,
1.13,-0.14,
1.13,-0.15,
1.13,-0.15,
1.14,-0.15,
1.14,-0.15,
1.14,-0.15,
1.14,-0.16,
1.14,-0.16,
1.14,-0.16,
1.14,-0.16,
1.15,-0.16,
1.15,-0.17,
1.15,-0.17,
1.15,-0.17,
1.15,-0.17,
1.15,-0.18,
1.15,-0.18,
1.15,-0.18,
1.15,-0.18,
1.15,-0.19,
1.16,-0.19,
1.16,-0.19,
1.16,-0.19,
1.16,-0.2,
1.16,-0.2,
1.16,-0.2,
1.16,-0.2,
1.16,-0.21,
1.16,-0.21,
1.16,-0.21,
1.16,-0.22,
1.16,-0.22,
1.16,-0.22,
1.16,-0.22,
1.16,-0.23,
1.15,-0.23,
1.15,-0.23,
1.15,-0.23,
1.15,-0.24,
1.15,-0.24,
1.15,-0.24,
1.15,-0.24,
1.15,-0.25,
1.15,-0.25,
1.15,-0.25,
1.14,-0.25,
1.14,-0.26,
1.14,-0.26,
1.14,-0.26,
1.14,-0.27,
1.13,-0.27,
1.13,-0.28,
1.13,-0.28,
1.12,-0.28,
1.12,-0.29,
1.12,-0.29,
1.12,-0.3,
1.11,-0.3,
1.11,-0.31,
1.11,-0.31,
1.1,-0.32,
1.1,-0.32,
1.1,-0.32,
1.1,-0.33,
1.09,-0.33,
1.09,-0.34,
1.09,-0.34,
1.08,-0.35,
1.08,-0.35,
1.08,-0.36,
1.07,-0.36,
1.07,-0.36,
1.07,-0.37,
1.07,-0.37,
1.06,-0.38,
1.06,-0.38,
1.06,-0.39,
1.05,-0.39,
1.05,-0.4,
1.05,-0.4,
1.05,-0.4,
1.04,-0.41,
1.04,-0.41,
1.04,-0.42,
1.03,-0.42,
1.03,-0.43,
1.03,-0.43,
1.02,-0.43,
1.02,-0.44,
1.02,-0.44,
1.02,-0.45,
1.01,-0.45,
1.01,-0.46,
1.01,-0.46,
1.0,-0.47,
1.0,-0.47,
1.0,-0.47,
0.99,-0.48,
0.99,-0.48,
0.99,-0.49,
0.99,-0.49,
0.98,-0.5,
0.98,-0.5,
0.98,-0.51,
0.97,-0.51,
0.97,-0.51,
0.97,-0.52,
0.96,-0.52,
0.96,-0.53,
0.96,-0.53,
0.95,-0.54,
0.95,-0.54,
0.95,-0.54,
0.95,-0.55,
0.94,-0.55,
0.94,-0.56,
0.94,-0.56,
0.93,-0.57,
0.93,-0.57,
0.93,-0.58,
0.92,-0.58,
0.92,-0.58,
0.92,-0.59,
0.92,-0.59,
0.91,-0.6,
0.91,-0.6,
0.91,-0.61,
0.9,-0.61,
0.9,-0.61,
0.9,-0.62,
0.89,-0.62,
0.89,-0.63,
0.89,-0.63,
0.88,-0.64,
0.88,-0.64,
0.88,-0.65,
0.88,-0.65,
0.87,-0.65,
0.87,-0.66,
0.87,-0.66,
0.86,-0.67,
0.86,-0.67,
0.86,-0.68,
0.85,-0.68,
0.85,-0.68,
0.85,-0.69,
0.84,-0.69,
0.84,-0.7,
0.84,-0.7,
0.84,-0.71,
0.83,-0.71,
0.83,-0.72,
0.83,-0.72,
0.82,-0.72,
0.82,-0.73,
0.82,-0.73,
0.81,-0.74,
0.81,-0.74,
0.81,-0.75,
0.8,-0.75,
0.8,-0.75,
0.8,-0.76,
0.8,-0.76,
0.79,-0.77,
0.79,-0.77,
0.79,-0.78,
0.78,-0.78,
0.78,-0.78,
0.78,-0.79,
0.77,-0.79,
0.77,-0.8,
0.77,-0.8,
0.77,-0.8,
0.76,-0.81,
0.76,-0.81,
0.76,-0.81,
0.76,-0.81,
0.76,-0.81,
0.76,-0.81,
0.76,-0.81,
0.76,-0.81,
0.76,-0.81,
0.76,-0.81,
0.76,-0.81,
0.76,-0.81,
0.76,-0.81,
0.76,-0.81,
0.76,-0.81,
0.76,-0.81,
0.76,-0.81,
0.76,-0.81,
0.76,-0.81,
0.76,-0.81,
0.76,-0.81,
0.76,-0.81,
0.76,-0.81,
0.76,-0.81,
0.76,-0.81,
0.76,-0.81,
0.76,-0.81,
0.76,-0.81,
0.76,-0.81,
0.76,-0.81,
0.76,-0.81,
0.76,-0.81,
0.76,-0.81,
0.76,-0.81,
0.76,-0.81,
0.76,-0.81,
0.76,-0.81,
0.76,-0.81,
0.76,-0.81,
0.76,-0.81,
0.76,-0.81,
0.76,-0.81,
0.76,-0.81,
0.76,-0.81,
0.76,-0.81,
0.76,-0.81,
0.76,-0.81,
0.76,-0.81,
0.76,-0.81,
0.76,-0.81,
0.76,-0.82,
0.76,-0.82,
0.76,-0.82,
0.75,-0.82,
0.75,-0.82,
0.75,-0.82,
0.75,-0.83,
0.75,-0.83,
0.75,-0.83,
0.74,-0.83,
0.74,-0.83,
0.74,-0.83,
0.74,-0.84,
0.73,-0.84,
0.73,-0.84,
0.73,-0.84,
0.73,-0.84,
0.73,-0.84,
0.72,-0.84,
0.72,-0.85,
0.72,-0.85,
0.72,-0.85,
0.71,-0.85,
0.71,-0.85,
0.71,-0.85,
0.71,-0.85,
0.7,-0.85,
0.7,-0.85,
0.7,-0.85,
0.7,-0.85,
0.69,-0.85,
0.69,-0.85,
0.69,-0.85,
0.68,-0.85,
0.68,-0.85,
0.68,-0.85,
0.68,-0.85,
0.67,-0.85,
0.67,-0.85,
0.67,-0.85,
0.67,-0.85,
0.66,-0.85,
0.66,-0.85,
0.66,-0.85,
0.66,-0.85,
0.65,-0.85,
0.65,-0.85,
0.65,-0.85,
0.65,-0.84,
0.64,-0.84,
0.64,-0.84,
0.64,-0.84,
0.64,-0.84,
0.63,-0.84,
0.63,-0.84,
0.63,-0.83,
0.63,-0.83,
0.63,-0.83,
0.62,-0.83,
0.62,-0.83,
0.62,-0.83,
0.62,-0.82,
0.62,-0.82,
0.62,-0.82,
0.61,-0.82,
0.61,-0.82,
0.61,-0.81,
0.61,-0.81,
0.61,-0.81,
0.61,-0.81,
0.6,-0.8,
0.6,-0.8,
0.6,-0.8,
0.6,-0.8,
0.6,-0.8,
0.6,-0.79,
0.6,-0.79,
0.6,-0.79,
0.6,-0.79,
0.6,-0.78,
0.6,-0.78,
0.6,-0.78,
0.59,-0.77,
0.59,-0.77,
0.59,-0.77,
0.59,-0.77,
0.59,-0.76,
0.59,-0.76,
0.59,-0.76,
0.59,-0.76,
0.59,-0.75,
0.59,-0.75,
0.59,-0.75,
0.6,-0.75,
0.6,-0.74,
0.6,-0.74,
0.6,-0.74,
0.6,-0.73,
0.6,-0.73,
0.6,-0.73,
0.6,-0.73,
0.6,-0.72,
0.6,-0.72,
0.6,-0.72,
0.61,-0.72,
0.61,-0.72,
0.61,-0.71,
0.61,-0.71,
0.61,-0.71,
0.61,-0.71,
0.61,-0.7,
0.62,-0.7,
0.62,-0.7,
0.62,-0.7,
0.62,-0.7,
0.62,-0.69,
0.63,-0.69,
0.63,-0.69,
0.63,-0.69,
0.63,-0.69,
0.64,-0.68,
0.64,-0.68,
0.64,-0.68,
0.65,-0.68,
0.65,-0.67,
0.66,-0.67,
0.66,-0.67,
0.67,-0.66,
0.67,-0.66,
0.67,-0.66,
0.68,-0.66,
0.68,-0.65,
0.69,-0.65,
0.69,-0.65,
0.7,-0.64,
0.7,-0.64,
0.71,-0.64,
0.71,-0.63,
0.71,-0.63,
0.72,-0.63,
0.72,-0.63,
0.73,-0.62,
0.73,-0.62,
0.74,-0.62,
0.74,-0.61,
0.75,-0.61,
0.75,-0.61,
0.75,-0.61,
0.76,-0.6,
0.76,-0.6,
0.77,-0.6,
0.77,-0.59,
0.78,-0.59,
0.78,-0.59,
0.79,-0.58,
0.79,-0.58,
0.79,-0.58,
0.8,-0.58,
0.8,-0.57,
0.81,-0.57,
0.81,-0.57,
0.82,-0.56,
0.82,-0.56,
0.83,-0.56,
0.83,-0.56,
0.83,-0.55,
0.84,-0.55,
0.84,-0.55,
0.85,-0.54,
0.85,-0.54,
0.86,-0.54,
0.86,-0.54,
0.87,-0.53,
0.87,-0.53,
0.87,-0.53,
0.88,-0.52,
0.88,-0.52,
0.89,-0.52,
0.89,-0.52,
0.9,-0.51,
0.9,-0.51,
0.91,-0.51,
0.91,-0.5,
0.92,-0.5,
0.92,-0.5,
0.92,-0.5,
0.93,-0.49,
0.93,-0.49,
0.94,-0.49,
0.94,-0.48,
0.95,-0.48,
0.95,-0.48,
0.96,-0.48,
0.96,-0.47,
0.96,-0.47,
0.97,-0.47,
0.97,-0.46,
0.98,-0.46,
0.98,-0.46,
0.99,-0.46,
0.99,-0.45,
1.0,-0.45,
1.0,-0.45,
1.01,-0.44,
1.01,-0.44,
1.01,-0.44,
1.02,-0.44,
1.02,-0.43,
1.03,-0.43,
1.03,-0.43,
1.04,-0.42,
1.04,-0.42,
1.05,-0.42,
1.05,-0.42,
1.05,-0.41,
1.06,-0.41,
1.06,-0.41,
1.07,-0.41,
1.07,-0.4,
1.08,-0.4,
1.08,-0.4,
1.09,-0.39,
1.09,-0.39,
1.1,-0.39,
1.1,-0.39,
1.1,-0.38,
1.11,-0.38,
1.11,-0.38,
1.12,-0.37,
1.12,-0.37,
1.13,-0.37,
1.13,-0.37,
1.14,-0.36,
1.14,-0.36,
1.15,-0.36,
1.15,-0.35,
1.15,-0.35,
1.16,-0.35,
1.16,-0.35,
1.17,-0.34,
1.17,-0.34,
1.18,-0.34,
1.18,-0.34,
1.19,-0.33,
1.19,-0.33,
1.2,-0.33,
1.2,-0.32,
1.2,-0.32,
1.21,-0.32,
1.21,-0.32,
1.22,-0.31,
1.22,-0.31,
1.23,-0.31,
1.23,-0.3,
1.24,-0.3,
1.24,-0.3,
1.25,-0.3,
1.25,-0.29,
1.25,-0.29,
1.26,-0.29,
1.26,-0.29,
1.27,-0.28,
1.27,-0.28,
1.28,-0.28,
1.28,-0.27,
1.29,-0.27,
1.29,-0.27,
1.3,-0.27,
1.3,-0.26,
1.3,-0.26,
1.31,-0.26,
1.31,-0.26,
1.31,-0.26,
1.31,-0.26,
1.31,-0.25,
1.31,-0.25,
1.32,-0.25,
1.32,-0.25,
1.32,-0.25,
1.32,-0.25,
1.32,-0.25,
1.32,-0.25,
1.32,-0.25,
1.32,-0.25,
1.32,-0.25,
1.32,-0.25,
1.32,-0.25,
1.32,-0.25,
1.32,-0.25,
1.32,-0.25,
1.32,-0.25,
1.32,-0.25,
1.32,-0.25,
1.32,-0.25,
1.32,-0.25,
1.32,-0.25,
1.32,-0.25,
1.32,-0.25,
1.32,-0.25,
1.32,-0.25,
1.32,-0.25,
1.32,-0.25,
1.32,-0.25,
1.32,-0.25,
1.32,-0.25,
1.32,-0.25,
1.32,-0.25,
1.32,-0.25,
1.32,-0.25,
1.32,-0.25,
1.32,-0.25,
1.32,-0.25,
1.32,-0.25,
1.32,-0.25,
1.32,-0.25,
1.32,-0.25,
1.32,-0.25,
1.32,-0.25,
1.32,-0.25,
1.32,-0.25,
1.32,-0.25,
1.32,-0.25,
1.32,-0.25,
1.32,-0.25,
1.33,-0.25,
1.33,-0.25,
1.33,-0.25,
1.33,-0.25,
1.33,-0.24,
1.34,-0.24,
1.34,-0.24,
1.34,-0.24,
1.34,-0.24,
1.35,-0.24,
1.35,-0.24,
1.35,-0.24,
1.36,-0.24,
1.36,-0.24,
1.36,-0.24,
1.36,-0.24,
1.37,-0.24,
1.37,-0.24,
1.37,-0.24,
1.37,-0.24,
1.38,-0.24,
1.38,-0.24,
1.38,-0.24,
1.38,-0.24,
1.39,-0.24,
1.39,-0.24,
1.39,-0.24,
1.39,-0.24,
1.4,-0.24,
1.4,-0.25,
1.4,-0.25,
1.4,-0.25,
1.41,-0.25,
1.41,-0.25,
1.41,-0.25,
1.41,-0.25,
1.41,-0.25,
1.41,-0.25,
1.41,-0.25,
1.42,-0.25,
1.42,-0.25,
1.42,-0.26,
1.42,-0.26,
1.42,-0.26,
1.42,-0.26,
1.42,-0.26,
1.42,-0.26,
1.42,-0.26,
1.42,-0.26,
1.42,-0.26,
1.42,-0.26,
1.42,-0.26,
1.42,-0.26,
1.42,-0.26,
1.42,-0.26,
1.42,-0.26,
1.42,-0.26,
1.42,-0.26,
1.42,-0.26,
1.42,-0.26,
1.42,-0.26,
1.42,-0.26,
1.42,-0.26,
1.42,-0.26,
1.42,-0.26,
1.42,-0.26,
1.42,-0.26,
1.42,-0.26,
1.42,-0.26,
1.42,-0.26,
1.42,-0.26,
1.42,-0.26,
1.42,-0.26,
1.42,-0.26,
1.42,-0.26,
1.42,-0.26,
1.42,-0.26,
1.42,-0.26,
1.42,-0.26,
1.42,-0.26,
1.42,-0.26,
1.42,-0.26,
1.42,-0.26,
1.42,-0.26,
1.42,-0.26,
1.42,-0.26,
1.42,-0.26,
1.42,-0.26,
1.42,-0.26,
1.42,-0.26,
1.42,-0.26,
1.42,-0.26,
1.42,-0.26,
1.42,-0.26,
1.42,-0.26,
1.42,-0.26,
1.42,-0.26,
1.42,-0.26,
1.42,-0.26,
1.42,-0.26,
1.42,-0.26,
1.42,-0.26,
1.42,-0.26,
1.42,-0.26,
1.42,-0.26,
1.42,-0.26,
1.42,-0.26,
1.42,-0.26,
1.42,-0.26,
1.42,-0.26,
1.42,-0.26,
1.42,-0.26,
1.42,-0.26,
1.42,-0.26,
1.42,-0.26,
1.42,-0.26,
1.42,-0.26,
1.42,-0.26,
1.42,-0.26,
1.42,-0.26,
1.42,-0.26,
1.42,-0.26,
1.42,-0.26,
1.42,-0.26,
1.42,-0.26,
1.42,-0.26,
1.42,-0.26,
1.42,-0.26,
1.42,-0.26,
1.42,-0.26,
1.42,-0.26,
1.42,-0.26,
1.42,-0.26,
1.42,-0.26,
1.42,-0.26,
1.42,-0.26,
1.42,-0.26,
1.42,-0.26,
1.42,-0.26,
1.42,-0.26,
1.42,-0.26,
1.42,-0.26,
1.42,-0.26,
1.42,-0.26,
1.42,-0.26,
1.42,-0.26,
1.42,-0.26,
1.42,-0.26,
1.42,-0.26,
1.42,-0.26,
1.42,-0.26,
1.42,-0.26,
1.42,-0.26,
1.42,-0.26,
1.42,-0.26,
1.42,-0.26,
1.42,-0.26,
1.42,-0.26,
1.42,-0.26,
1.42,-0.26,
1.42,-0.26,
1.42,-0.26,
1.42,-0.26,
1.42,-0.26,
1.42,-0.26,
1.42,-0.26,
1.42,-0.26,
1.42,-0.26,
1.42,-0.26,
1.42,-0.26,
1.42,-0.26,
1.42,-0.26,
1.42,-0.26,
1.42,-0.26,
1.42,-0.26,
1.42,-0.26,
1.42,-0.26,
1.42,-0.26,
1.42,-0.26,
1.42,-0.26,
1.42,-0.26,
1.42,-0.26,
1.42,-0.26,
1.42,-0.26,
1.42,-0.26,
1.42,-0.26,
1.42,-0.26,
1.42,-0.26,
1.42,-0.26,
1.42,-0.26,
1.42,-0.26,
1.42,-0.26,
1.42,-0.26,
1.42,-0.26,
1.42,-0.26,
1.42,-0.26,
1.42,-0.26,
1.42,-0.26,
1.42,-0.26,
1.42,-0.26,
1.42,-0.26,
1.42,-0.26,
1.42,-0.26,
1.42,-0.26,
1.42,-0.26,
1.42,-0.26,
1.42,-0.26,
1.42,-0.26,
1.42,-0.26,
1.42,-0.26,
1.42,-0.26,
1.42,-0.26,
1.42,-0.26,
1.42,-0.26,
1.42,-0.26,
1.42,-0.26,
1.42,-0.26,
1.42,-0.26,
1.42,-0.26,
1.42,-0.26,
1.42,-0.26,
1.42,-0.26,
1.42,-0.26,
1.42,-0.26,
1.42,-0.26,
1.42,-0.26,
1.42,-0.26,
1.42,-0.26,
1.42,-0.26,
1.42,-0.26,
1.42,-0.26,
1.42,-0.26,
1.42,-0.26,
1.42,-0.26,
1.42,-0.26,
1.42,-0.26,
1.42,-0.26,
1.42,-0.26,
1.42,-0.26,
1.42,-0.26,
1.42,-0.26,
1.42,-0.26,
1.42,-0.26,
1.42,-0.26,
1.42,-0.26,
1.42,-0.26,
1.42,-0.26,
1.42,-0.26,
1.42,-0.26,
1.42,-0.26,
1.42,-0.26,
1.42,-0.26,
1.42,-0.26,
1.42,-0.26,
1.42,-0.26,
1.42,-0.26,
1.42,-0.26,
1.42,-0.26,
1.42,-0.26,
1.42,-0.26,
1.42,-0.26,
1.42,-0.26,
1.42,-0.26,
1.42,-0.26,
1.42,-0.26,
1.42,-0.26,
1.42,-0.26,
1.42,-0.26,
1.42,-0.26,
1.42,-0.26,
1.42,-0.26,
1.42,-0.26,
1.42,-0.26,
1.42,-0.26,
1.42,-0.26,
1.42,-0.26,
1.42,-0.26,
1.42,-0.26,
1.42,-0.26,
1.42,-0.26,
1.42,-0.26,
1.42,-0.26,
1.42,-0.26,
1.42,-0.26,
1.42,-0.26,
1.42,-0.26,
1.42,-0.26,
1.42,-0.26,
1.42,-0.26,
1.42,-0.26,
1.42,-0.26,
1.42,-0.26,
1.42,-0.26,
1.42,-0.26,
1.42,-0.26,
1.42,-0.26,
1.42,-0.26,
1.42,-0.26,
1.42,-0.26,
1.42,-0.26,
1.42,-0.26,
1.42,-0.26,
1.42,-0.26,
1.42,-0.26,
1.42,-0.26,
1.42,-0.26,
1.42,-0.26,
1.42,-0.26,
1.42,-0.26,
1.42,-0.26,
1.42,-0.26,
1.42,-0.26,
1.42,-0.26,
1.42,-0.26,
1.42,-0.26,
1.42,-0.26,
1.42,-0.26,
1.42,-0.26,
1.42,-0.26,
1.42,-0.26,
1.42,-0.26,
1.42,-0.26,
1.42,-0.26,
1.42,-0.26,
1.42,-0.26,
1.42,-0.26,
1.42,-0.26,
1.42,-0.26,
