X,Y
0.007498286472832794,0.8216391632688068
0.0074981826591313805,0.8066893530207873
0.007498049895800607,0.7917295500826096
0.00749793007942956,0.7767505757372342
0.007497851382148757,0.7617432061683405
0.007497713373064041,0.7466981381959802
0.0074975897879534514,0.7316059871400094
0.007497497475876025,0.7164572497183782
0.007497346408839367,0.7012422676227952
0.007497245540815212,0.6859512419889312
0.007497101352452296,0.6705741536707712
0.007496985465725969,0.6551007902840277
0.007496914480515815,0.6395206857048606
0.007496752282402208,0.6238230627957883
0.007496637475169821,0.607996895743719
0.007496539107988087,0.5920307825749257
0.007496399028811385,0.5759129357443441
0.007496273290396149,0.5596311860537524
0.00749613195631138,0.5431728884897942
0.0074960062602561495,0.5265249227903086
0.007495910192625521,0.5096736253580094
0.007495768396534208,0.49260471102760056
0.007495627074461275,0.4753032973713331
0.007495476801489986,0.4577537844944633
0.007495359271454727,0.439939835774612
0.007495204532979249,0.4218442401330394
0.007495109614414797,0.40344896440981776
0.007494919873953898,0.3847348775875637
0.007494784737004934,0.36568193414638817
0.007494649783026719,0.3462688300503612
0.0074945064670634,0.3264730211927507
0.007494330812675587,0.3062705775545278
0.007494187011628073,0.2856361209823499
0.007493985972992445,0.2645425397163236
0.0074938146406797745,0.2429610399005595
0.007493720519624714,0.2208608464604177
0.007493525988154448,0.19820887446725688
0.007493291725058859,0.17496984098390755
0.36857715303460126,0.4350243113574501
0.39326111893427335,0.4409775443933338
0.4070253390927147,0.4387570449108997
0.4175462574664779,0.43412101568491335
0.42602439629183503,0.4278632685191484
0.4328616947872783,0.42016503672040256
0.43811570521719045,0.41091374359652116
0.4415018548070311,0.39964879833905725
0.4418955649049115,0.38498046159829774
0.08611724189035264,-0.014826433742769263
0.11291080151583577,-0.014826795247312785
0.138879106718662,-0.014827125552398068
0.16407480956567022,-0.014827523157071809
0.18854671684776558,-0.014827894741488712
0.21233999812125381,-0.014828152390638949
0.2354963264689448,-0.014828489057006067
0.2580545902182666,-0.01482887063989069
0.2800510597532535,-0.01482914533706503
0.30151935502220395,-0.01482943603047382
0.32249095953074636,-0.014829737497119466
0.3429953351056678,-0.014830022541033605
0.3630600692179944,-0.0148302877293095
0.38271101849605366,-0.01483058683789773
0.401972562524301,-0.01483084341846852
0.4208675805880153,-0.014831114718014127
0.4394176915899317,-0.014831380920269588
0.4576433099447108,-0.014831634630402935
0.47556375553504315,-0.01483185817044419
0.4931973081865042,-0.014832100746719479
0.510561357912477,-0.014832332016864291
0.527672402832825,-0.014832614466337213
0.544546230503522,-0.01483283143623848
0.5611978251973566,-0.014833071747099469
0.5776415617956312,-0.014833290788290765
0.5938911789956749,-0.014833521795950655
0.6099598752815452,-0.014833748166618532
0.6258603403257036,-0.014833939718796763
0.6416047576695357,-0.014834202048571887
0.6572049484119947,-0.014834405610884671
0.6726722898757451,-0.014834615880773727
0.6880178234835479,-0.01483483145267983
0.7032522667041904,-0.014835064490284045
0.7183860623091499,-0.014835244405760895
0.7334293619501122,-0.014835471082326857
0.748392115338325,-0.014835679602365537
0.7632840532688063,-0.01483588966672622
0.7781147316743062,-0.014836100934341956
0.7928935540093341,-0.01483630398182656
0.8076297940887512,-0.014836489739791792
0.8223326164938795,-0.014836716928481875
0.8370111106553256,-0.014836939870485621
0.8516743027563537,-0.014837132073315606
0.8663311800060254,-0.014837349230195418
0.8809907158810377,-0.014837552201547033
0.8956618886133063,-0.014837726517462069
0.9103537087324317,-0.014837940731568966
0.925075234865302,-0.014838165037612705
0.9398355927113117,-0.014838327010141095
0.9546440197124431,-0.014838543423083439
0.9695098584503719,-0.014838756617390536
0.984442598592251,-0.014838963394015359
0.9994519046468846,-0.014839204082229385
1.0145476111586222,-0.014839373902152508
1.0297398158666686,-0.014839620535999187
1.0450388116562899,-0.014839800093168654
1.0604552236565603,-0.014840044783518525
1.0759999410425312,-0.014840275777612377
1.0916842040883405,-0.014840473182396119
1.1075196534884302,-0.014840707862950664
1.123518313424658,-0.014840941755740245
1.1396926679023924,-0.014841171076292126
1.1560556944104976,-0.014841393252929547
1.1726209167389912,-0.014841627529743051
1.189402440288682,-0.014841875668932913
1.2064149855243955,-0.01484208030362344
1.223674037580841,-0.014842354630724142
1.2411957520738714,-0.014842599930066092
1.258997155917096,-0.014842835718573921
1.2770961736888438,-0.014843081752778597
1.2955117000939897,-0.01484334531851006
1.3142636748256793,-0.014843602545405954
1.3333732179599291,-0.014843877425314123
1.352862687561075,-0.014844153921058756
1.3727558261252413,-0.014844436910740333
1.3930778547324714,-0.014844698856497751
1.41385569858382,-0.014845017983848519
1.4351179302876083,-0.01484525202624809
1.4568953074321636,-0.014845595919506627
1.47922052675777,-0.014845932417746788
1.5021286798282651,-0.014846208007642026
1.5256575709589826,-0.014846528585741092
1.5498478283543404,-0.014846948708592045
1.5747430048305704,-0.014847253477420885
1.6003904559769844,-0.014847627814103537
1.6268411752121104,-0.014848003071619043
1.654150478007949,-0.014848380421608964
1.6823784016308703,-0.014848744858510399
1.71159036907008,-0.014849193689985718
1.7418574549019512,-0.014849589466953028
1.7732576034814431,-0.014850079177277764
1.8058758554945362,-0.014850540729049122
1.8398056328770116,-0.01485094511100249
1.8751499999775638,-0.014851513718935228
1.9120220454155183,-0.014852008288827712
1.9505472157079429,-0.01485251848086755
1.9908645294041287,-0.014853088086953514
2.0331284846527162,-0.014853712062248281
2.0775113196531323,-0.014854348197296252
2.1242057386498887,-0.01485496840425704
2.1734282224380492,-0.014855659431224133
2.2254224380963206,-0.014856392613316838
2.2804639598258256,-0.014857182459442564
2.3388655389674624,-0.014858005075646163
2.400983760592491,-0.01485887096579408
2.467226925931164,-0.014859776745388298
2.5380649329681852,-0.014860765541773957
2.6140412162022892,-0.0148618582433514
2.6957876575557718,-0.014863008817455392
2.784043745920437,-0.014864253543981576
2.8796800991635294,-0.01486554545373131
2.9837296426003515,-0.01486702518998928
3.0974263038534775,-0.014868681154675989
3.222256732221057,-0.014870416167944711
3.360029393634714,-0.014872313877963284
3.512966151011655,-0.014874518168000783
3.6838262990705055,-0.014876864186500138
3.7074768958843163,0.03199078344209183
3.707477630894558,0.08535910807045288
3.707478465963452,0.13824554447661763
3.7074792855107352,0.1906885694356587
3.707480039822773,0.24272545703071724
3.7074808239562453,0.2943923821082943
3.7074817146285954,0.34572456660035417
3.7074823603964973,0.3967564395733013
3.7074832134116935,0.44752153203448425
3.7074839299599627,0.49805282262427597
3.707484828296256,0.5483826138922179
3.70748550550901,0.5985427845102527
3.7074862910341766,0.6485647184542472
3.707487085925313,0.6984794998101892
3.7074876191496187,0.7483179462234769
3.707488416363915,0.7981106618141287
3.7074891418839724,0.8478881678116249
3.707490033396022,0.8976809396991319
3.707490710274573,0.9475194799096756
3.7074915985450247,0.9974344258561033
3.7074922533709724,1.0474565638207378
3.7074930105946295,1.0976169881891793
3.707493776367359,1.1479471098342053
3.707494478045476,1.1984787572806543
3.7074952691947223,1.2492442910854211
3.70749602002195,1.3002766231211804
3.7074967478814647,1.3516093588541247
3.7074975669484567,1.4032768916839649
3.707498399033517,1.4553144431614062
3.707499147617152,1.5077581877170174
3.7074998609601546,1.5606453989834583
3.707500882908837,1.6140146171070744
3.7075016187047543,1.6679054291929858
3.7075025124790817,1.722359131710982
3.7075033360546024,1.7774183909353285
3.7075039949028255,1.8331276088871815
3.7075048492582927,1.8895332117441683
3.7075059005161406,1.946683541170665
3.70750665659836,2.004628943280939
3.7075075207342874,2.06342251825134
3.7075085003432044,2.1231198343452267
3.7075094615757065,2.1837792385814856
3.7075103542432193,2.2454622041278967
3.70751119334943,2.3082336023795147
3.7075122274040493,2.372162100125631
3.7075132415591305,2.4373201178751467
3.7075143099738113,2.503784580066705
3.70751525442544,2.5716370104314947
3.707516307130619,2.6409643599321244
3.7075173018105523,2.7118590000991682
2.026633608470794,1.6257835312053548
1.9841123245668362,1.6257856612423847
1.9436207428088044,1.6257876444603085
1.904993950489465,1.6257895785870773
1.8680838631970413,1.6257914023332682
1.8327574565122402,1.6257931891457937
1.7988944993528928,1.6257948074853998
1.766386639295379,1.625796468661075
1.7351351709259082,1.6257979817730495
1.7050507493100748,1.6257995164598524
1.6760516227555984,1.625800922016909
1.6480633972454206,1.6258023222671
1.6300455240387162,1.6353521770745199
1.6300469416814416,1.664359072715142
1.6300484514733693,1.6944996672287935
1.6300500107211633,1.7258612676519116
1.6300516565400869,1.7585400537384248
1.6300533028576325,1.7926419886020513
1.6300551021706782,1.8282845991502976
1.6300569924953343,1.8655979725050102
1.63005891060222,1.904726824716617
1.6300609329015292,1.9458328426974922
1.6300631173360451,1.9890970045960903
1.6300653716921416,2.034722360168779
1.6300677902397007,2.0829381026668794
1.6300703383060113,2.134003359910816
1.6300730362419835,2.1882126247689593
2.4069697118977116,3.6851394570471925
2.3429123087329833,3.685140204137083
2.2800041624016614,3.6851409149897454
2.218177084472517,3.685141511653746
2.1573666417333985,3.6851421899444614
2.0975116640717126,3.6851430289724347
2.038553809253911,3.6851435576348113
1.9804379679633666,3.6851442804560377
1.923111276637158,3.685144894966021
1.8665234369449384,3.685145567042921
1.8106262351160032,3.6851462036356573
1.7553735036581548,3.6851468211284657
1.7007209187682453,3.6851474555919266
1.6466258156001001,3.685148057164411
1.5930471402044555,3.6851488318204555
1.539945097523662,3.6851494217707605
1.4872812992688884,3.6851499184506418
1.435018529513484,3.68515048884951
1.3831205980147625,3.6851512181028525
1.3315521762412152,3.6851517056441767
1.2802789213228225,3.6851522991370707
1.2292671703116602,3.6851529767465996
1.1784838868948906,3.68515339006399
1.1278967165858966,3.685154089973547
1.077473682951008,3.6851546682070504
1.0271832740727438,3.6851552083200394
0.9769943015677717,3.685155837263065
0.9268758085097252,3.6851562678572773
0.8767970352809292,3.6851570041095236
0.8267272980085097,3.6851574436677206
0.7766359460395001,3.6851580271163518
0.7264922746105039,3.6851585682148706
0.6762654428947649,3.6851592012617167
0.6259244100569141,3.6851598933080316
0.5754378743487476,3.685160428909697
0.524774157178139,3.6851608641727656
0.47390110256016005,3.6851614977585263
0.47997403619629814,3.312493643353751
0.4402097459285454,3.283705582285205
0.3970679302288338,3.2768131236167064
0.34919503560026666,3.2924871737260055
0.21523033938743386,3.685164508514758
0.16239135677703742,3.6851650672434704
0.10909845622346159,3.6851657967542066
0.05531280671381322,3.6851663153569567
0.007520397758209119,3.6634720153765175
0.007519041776341329,3.4932359425926665
0.007517922078567052,3.340648178469595
0.007516836064688448,3.2030199759450686
0.007515853358669444,3.0781811768006935
0.007514956030930775,2.9643616598850326
0.007514175810570345,2.860102910576832
0.007513432365928163,2.7641926614126304
0.007512728135572688,2.6756146224714064
0.007512055602888035,2.5935105544187893
0.00751149113563887,2.5171504870548125
0.00751090648571473,2.445910120304203
0.007510402786314985,2.3792516130804633
0.007509951128602088,2.316709669042977
0.007509446256176333,2.2578796232643845
0.007509005891555898,2.202407389871742
0.007508657200156699,2.1499822265986337
0.007508273426390821,2.1003303919618026
0.0075078632414615765,2.05320938600428
0.00750752185078607,2.0084036481131493
0.007507160654315892,1.9657212512989966
0.007506849199777288,1.9249903134372626
0.0075066120282401005,1.8860566669971068
0.007506296803471479,1.8487817810546674
0.007506030594335411,1.8130402980261384
0.007505724348329523,1.77871902219972
0.007505479820384298,1.7457150401709505
0.007505270773364048,1.7139348852442382
0.007505036553424604,1.6832933756175712
0.0075048000760562505,1.653712587643835
0.007504535351835706,1.625121204721447
0.007504359499624358,1.5974536441196983
0.007504089746476539,1.5706498612775213
0.00750390716820748,1.5446542094664386
0.007503744874824636,1.519415523678978
0.007503506533845905,1.4948864958758978
0.00750334309862033,1.4710230929349475
0.007503118656831065,1.4477846538839865
0.00750303199289537,1.425133120878992
0.007502832764577083,1.403033354744841
0.007502599118510922,1.3814523354722086
0.0075024823217050285,1.3603591555098409
0.007502297126301349,1.3397250876732616
0.007502184494384334,1.3195229899844296
0.007502030072080279,1.2997275157842858
0.007501858136419792,1.2803147348250394
0.007501730574344445,1.261262075577195
0.00750154301056849,1.2425483153953067
0.0075014133534831995,1.224153276289779
0.007501282970766354,1.2060579330781063
0.007501163421783974,1.1882442027354558
0.007501015724135196,1.17069492183732
0.007500852857811324,1.1533937292241043
0.0075007404968109315,1.136325004333039
0.007500577469585434,1.1194738870787226
0.007500496020757974,1.1028260736297537
0.007500369432089649,1.086367938371295
0.007500223029750175,1.0700863413986395
0.007500087000911537,1.053968637599495
0.0074999633488808115,1.0380026431388254
0.00749985316902424,1.022176586955309
0.0074997293397379705,1.0064790795200715
0.007499628291857796,0.9908990574172326
0.007499452839274112,0.97542579145732
0.007499362049473879,0.9600487809877434
0.0074992260237426445,0.9447578250679197
0.007499138492104596,0.9295429045086177
0.0074989907122430255,0.9143942204074056
0.007498872924644795,0.8993021144228528
0.007498768493479524,0.8842570832448776
0.00749866341433747,0.8692497389490258
0.007498539344614197,0.8542707858217633
0.007498427778930061,0.8393109957717046
0.00749828703562172,0.8243611900738237
0.008748492311601797,2.8216411542841553
0.008748877515694864,2.8067132261616865
0.008749327100064375,2.7917753405002252
0.00874970280495957,2.776818327203148
0.008750149935500384,2.7618329798388017
0.008750565360542084,2.746810010265494
0.00875096020549615,2.731740042410878
0.008751406841400633,2.7166135920953898
0.008751810672493754,2.701421015720825
0.008752275451078817,2.686152528982532
0.008752701826551634,2.6707981271238967
0.008753096478568256,2.655347600468175
0.00875358611431687,2.639790518843642
0.00875396825216379,2.6241161084067093
0.0087544310031209,2.608313371400671
0.008754876191070404,2.5923709065704834
0.008755350640685,2.5762769724288757
0.008755784568165836,2.56001938329738
0.008756250521140041,2.543585543541858
0.008756710051747607,2.5269623312245106
0.008757164068622147,2.510136097228165
0.008757690266381957,2.493092634931812
0.008758151393531421,2.4758170168520497
0.008758632499189511,2.458293703038665
0.008759157017168562,2.44050637520453
0.00875963594047191,2.4224378400107267
0.008760146462951646,2.4040700814166778
0.008760672454246277,2.3853840664835078
0.008761232541289021,2.366359717558373
0.008761748594736551,2.3469757483848044
0.00876229063369005,2.3272096917546126
0.008762857210542596,2.3070376700813098
0.008763481457443878,2.286434328527169
0.00876399232115943,2.2653725450154076
0.008764692012727004,2.2438237117008653
0.008765294629252685,2.221756877977588
0.008765879836340584,2.199139183852921
0.008766559976341015,2.1759354463084275
0.008767189571688871,2.152107702988962
0.00876785922324863,2.1276153182749056
0.008768644761324662,2.102414513639485
0.00876931360596045,2.076457782085494
0.008770060483415776,2.049694139225585
0.008770819848267442,2.02206812959722
0.008771620787350831,1.9935196607317014
0.008772448859386217,1.9639833475012387
0.008773336969316703,1.93338799433733
0.008774180499806383,1.9016557143365775
0.008775115689828916,1.8687015374224998
0.008776074502984899,1.8344320363392184
0.008777088054401694,1.7987446087146095
0.008778133183425019,1.7615261037316214
0.008779260819969381,1.7226515817176602
0.008780344546030494,1.681982373185871
0.008781580185410531,1.6393648344628404
0.008782810587608325,1.5946272353908229
0.008784093741939003,1.5475778994192737
0.008785481135944906,1.4980018206426307
0.008786947529119904,1.4456568673915053
0.008788517873540735,1.3902695700190628
0.008790164191691208,1.3315296657810693
0.008791907981039127,1.2690838699746685
0.00879377250338198,1.2025280210402458
0.008795778750534389,1.1313975436975214
0.008797872690345376,1.055155543423203
0.008800215274539891,0.9731787907682174
0.008802642017658013,0.8847382935171462
0.008805375163881912,0.7889776797889092
0.008808233440628088,0.6848818952593034
0.008811457241484244,0.5712410315614287
0.008814931906697021,0.44659874280041745
0.00881875045441316,0.3091880011033812
0.008822995817323487,0.15684268577213745
0.008827744220262224,-0.01312186627110723
0.062165744519562915,-0.014847256642624984
0.11549457135844554,-0.014846105557111855
0.1683347709781089,-0.014844910528753807
0.22072489305476772,-0.01484387688809452
0.3655755073672566,0.4324003452439493
0.4101350517530477,0.4381577714188527
0.375563741336331,-0.014840450713196951
0.4265173244902922,-0.014839479666379773
0.477198052205698,-0.014838257464827365
0.5276388344379037,-0.014837187354855175
0.5778720581854582,-0.014836150349186727
0.6279295841962413,-0.01483501288721012
0.6778428103551963,-0.014833897193780032
0.7276427952089344,-0.014832733294976475
0.7773603041915917,-0.014831755927912749
0.8270259213729619,-0.01483080622617905
0.8766700916950425,-0.014829580308232782
0.9263232048003699,-0.01482858936414777
0.976015673809671,-0.01482749177924525
1.0257780038028246,-0.014826281384081597
1.0756408955362713,-0.014825277628393696
1.1256352603572837,-0.014824159673019643
1.1757923704992492,-0.014823136910544932
1.226143859840732,-0.014821974248546255
1.2767218998414884,-0.014820910818038602
1.3275592030455092,-0.014819913335392787
1.3786891214282115,-0.014818873147246059
1.4301457207734212,-0.014817560741362978
1.4819640564493344,-0.014816506893883918
1.5341799399325593,-0.014815304626582648
1.586830357670785,-0.014814177912227056
1.6399534268343023,-0.014813204612122544
1.6935884087223017,-0.01481200859079479
1.7477761207709914,-0.014810819032066824
1.8025588639964751,-0.014809676537752559
1.8579805107271814,-0.01480832890626571
1.9140870018782823,-0.01480723851665422
1.9709259147101177,-0.014805874444273392
2.0285474016149796,-0.014804807632713857
2.0870035592270146,-0.014803546416761293
2.1463492532785096,-0.014802142296870713
2.206642200318811,-0.014800768470089043
2.2679431228289846,-0.014799511211974092
2.330315894380201,-0.01479815092677672
2.3938281273790385,-0.01479677246536193
2.4585513699956203,-0.014795486419723503
2.5245611691257395,-0.014793931759873757
2.5919382147557704,-0.014792611056797522
2.6607677256985043,-0.01479108848332844
1.6313228096170316,1.6549894405130183
1.6313234281757225,1.6983205099583634
1.631323987575262,1.7394905038376554
1.6313245753126155,1.7786804445234354
1.6313251134800915,1.8160522575128617
1.6313255742931916,1.851750985478292
1.631326058330739,1.885906846596355
1.6313265206286953,1.9186374065160856
1.6313269952861233,1.9500488495670345
1.6313273788243834,1.980237569123323
1.6313277973720433,2.0092909043968006
1.631328156711926,2.0372886389939016
1.6313285657347685,2.064303406971202
1.6313289485209892,2.0904018500471944
1.6313292470742429,2.115645056554882
1.6313296740443186,2.1400889162545518
1.6313299395894614,2.163785330627875
1.6313302890131716,2.1867817231270927
1.63133059118969,2.2091222403085498
1.6378395846887104,2.225837892019383
1.6665748705553158,2.225837521834649
1.6966976142404504,2.22583708943494
1.7283305844122916,2.2258366207784226
1.7616110782845578,2.2258361712422055
1.796693382565112,2.2258356817278364
1.8337512107669667,2.225835143957551
1.8729809156802828,2.225834583378375
1.914605410079584,2.2258340117965583
1.9588789235579718,2.2258333761464497
2.0060924084549163,2.2258327120366057
3.7087829091282174,1.399900178115783
3.7087817952712356,1.4616108597550785
3.7087804695111806,1.5222975769034133
3.708779217942146,1.5820217186740602
3.708777975900341,1.640841746790163
3.708776751951592,1.6988132418725979
3.708775604751298,1.7559891495932687
3.7087743756736304,1.8124200921789766
3.7087732990042745,1.868154337574818
3.708772255125792,1.92323825438612
3.7087711263050753,1.9777163391485668
3.708769922763888,2.0316313371290757
3.708768900570749,2.0850243687264056
3.7087677439471203,2.137935284232414
3.7087668111096117,2.1904024604636274
3.7087655983859933,2.2424632949711376
3.708764676996326,2.2941538795355387
3.708763429679184,2.345509583280265
3.708762452532445,2.396564686133781
3.708761500111964,2.4473528544863
3.7087604709141266,2.497907044826871
3.7087594522198133,2.5482596000962285
3.7087582833068624,2.598442385418467
3.7087572986873996,2.6484868025709285
3.7087561655530634,2.698423964000236
3.708755331020952,2.748284674131372
3.7087541321819066,2.7980995906641426
3.7087531888403227,2.847899223841433
3.708752263541434,2.8977140673967408
3.708751215062783,2.947574639956442
3.7087499937220727,2.9975115680414186
3.708749106632332,3.0475557062323673
3.7087479373450964,3.0977381004896936
3.708747103238286,3.148090236116107
3.7087460550512557,3.198643909798924
3.7087449447778438,3.24943148770064
3.708743875873216,3.3004859266741087
3.7087428613168028,3.351840849972364
3.708741776558684,3.4035306209767295
3.708740772908848,3.4555905181525026
3.708739515682077,3.5080566774174806
3.708738510664355,3.5609664969626893
3.7087374017386168,3.6143583542939295
3.7087362782118705,3.6682720325763434
3.590030428686893,3.685230508272313
3.432643119841025,3.6852267417579174
3.290861108000737,3.685223236283891
3.1623987777444618,3.6852201776811855
3.0453944840797815,3.6852173108824835
2.938318154837114,3.6852146855731314
2.839900050083854,3.685212362152307
2.7490769460706757,3.685210099258599
2.6649532340099205,3.685208107934197
2.5867675974671194,3.6852062171177575
2.5138696505189175,3.6852044142492755
2.445700389559937,3.6852028040619906
2.3817760681884472,3.6852012527334144
2.321676536528119,3.685199780855861
2.2650349021547096,3.6851984201347183
2.2115292072462758,3.6851971328413
2.160875848967411,3.685195895197155
2.112824080398144,3.6851947407967955
2.0671511670419482,3.685193610523147
2.0236588578670682,3.685192579398788
1.982169676299797,3.68519152274155
1.9425248486748252,3.6851906088098327
1.9045811720188492,3.685189683338083
1.8682097515270595,3.68518882096653
1.833293858099863,3.685187968546591
1.7997276777579212,3.6851871071331157
1.7674151846809916,3.6851863785212835
1.7362685403269582,3.6851856042606017
1.7062077547251517,3.685184842016818
1.6771595880966248,3.6851841353509163
1.6490568352421344,3.6851835113667994
1.6218375611797737,3.6851828225104772
1.595444920788804,3.68518215180345
1.5698264292267758,3.6851815603124516
1.544933429415868,3.6851809529596764
1.5207209546199012,3.685180368238493
1.497147223529402,3.6851797782772793
1.4741734485769582,3.6851792307386324
1.4517634411379885,3.6851786797961275
1.429883509811158,3.6851781788547657
1.4085020942438011,3.6851776633613262
1.387589680820519,3.685177106824947
1.3671186808601794,3.6851766194251585
1.3470631025703281,3.685176173608027
1.3273984583542073,3.6851756663878867
1.3081018092586747,3.6851752387958308
1.2891513587189827,3.685174747507377
1.2705266445499512,3.6851743291273884
1.2522081601228532,3.685173844814879
1.234177535785542,3.685173438394102
1.2164172122013743,3.6851730112457086
1.198910520893702,3.685172554958326
1.181641608776544,3.68517215754964
1.1645952670423856,3.6851717227499643
1.1477570180195897,3.685171352647653
1.1311129157532978,3.6851709432773183
1.114649610083825,3.6851705056786885
1.098354284549368,3.685170148974858
1.0822145247665151,3.685169770110998
1.0662183727613739,3.685169369833863
1.0503542606354408,3.6851689667480847
1.034610966831441,3.6851685646306307
1.0189775987732979,3.6851682337168485
1.0034435104648833,3.6851678382369966
0.987998353489923,3.6851674646864208
0.9726319853634565,3.685167086599927
0.9573344667173477,3.685166696011356
0.9420960399830778,3.685166375620489
0.9269070744567945,3.6851660130922643
0.9117580764394063,3.685165606272681
0.896639655861498,3.685165271435993
0.8815424844754735,3.6851648919041264
0.8664572953480979,3.685164538891479
0.8513748472385626,3.6851641765235774
0.8362859077217026,3.685163782174579
0.8211812266006407,3.685163405762942
0.8060515146989988,3.6851630486898923
0.7908874205655486,3.685162720067914
0.7756795189316519,3.685162313169576
0.760418256064959,3.685161955241604
0.745093962259634,3.685161583769633
0.7296967997035875,3.685161233372394
0.7142167603779737,3.6851608469988664
0.6986436164625729,3.68516043979929
0.6829668892378236,3.6851600830580646
0.6671758581708414,3.6851597117235424
0.6512594900597307,3.6851593395779196
0.635206435651896,3.6851589212649785
0.6190049423983456,3.685158559667304
0.6026429159129125,3.6851581339171213
0.5861077643670557,3.685157730701009
0.5693864454128448,3.6851573251646386
0.5524653832882818,3.685156917905244
0.5353304331176596,3.6851564965978456
0.5179668028432056,3.6851561059714637
0.5003590577177786,3.6851556908866208
0.4824910184574988,3.6851552143883106
0.4643456194533013,3.6851548200281536
0.4459050578126486,3.6851543365398376
0.42715042677313164,3.685153918555291
0.40806191786419505,3.685153435405273
0.3886184798231526,3.6851529820607887
0.36879792360274893,3.6851524747768263
0.34857663740420697,3.685151978004719
0.4991594565038785,3.4087345840910173
0.5044451206108412,3.378264806344763
0.5030073211006381,3.3596374477242383
0.49936045134464313,3.3450909090919354
0.4944155835290625,3.3329353352038553
0.4885230039601352,3.3224542734528537
0.4818393724348879,3.313271137614922
0.47442843785861344,3.305169363593134
0.4662961142958131,3.2980249593759003
0.4574021389279053,3.29177824923114
0.44765798259609885,3.286425629653885
0.43691199309795836,3.2820258779920066
0.42491228702372763,3.278727435269993
0.4112169532616364,3.276841959916908
0.3949322613261681,3.2770681443655016
0.37355268826091287,3.281509099631592
0.008726922342047638,3.596345600727077
0.008727635262952615,3.569579307721111
0.008728323156348416,3.54362014394011
0.008729058704308956,3.518416891365362
0.008729795571266297,3.4939222706852933
0.008730448460795182,3.470092495248308
0.008731013846228541,3.4468868506413255
0.008731729462162607,3.424267302193279
0.00873228421945027,3.402198802122305
0.008732889370343555,3.380648285672015
0.008733530097030817,3.359584999026931
0.008734049160724844,3.338980232332119
0.00873461470885828,3.3188068618399993
0.008735190776305801,3.299039530956027
0.008735723500806869,3.279654388378067
0.008736244802237003,3.260628907802368
0.00873677815659224,3.2419418300115215
0.008737302416746084,3.223573075275282
0.008737776886466264,3.205503632885289
0.00873828518900066,3.187715411432049
0.008738750897601788,3.170191288430712
0.008739258385734194,3.152914897358642
0.008739721621161323,3.135870698771228
0.008740164238415726,3.1190438047427533
0.008740675474253279,3.102419947534359
0.008741083576259245,3.085985534079276
0.008741538749513,3.069727403727755
0.00874202511264921,3.0536329456359415
0.008742438949540965,3.037690021106386
0.00874290516743581,3.0218868422953813
0.008743346956332276,3.006212048808201
0.008743749504979137,2.9906546025452254
0.008744197716946456,2.9752037538895593
0.00874462235944451,2.959849060355699
0.00874501594677779,2.9445803124475223
0.008745477019843073,2.9293875055702108
0.008745901013379132,2.9142608555621314
0.00874632233889272,2.899190724250357
0.008746727008204891,2.884167620180573
0.008747162647684381,2.869182164141184
0.008747553068571112,2.8542250777189118
0.008747990343633605,2.83928714372699
0.008748373664429043,2.824359198731402
0.008798652573165366,0.8184561341029486
0.008798113217587833,0.7685383618954115
0.00879944251409226,0.718587289032806
0.00880095403981418,0.6685722720543003
0.008802547346010048,0.6184625059738671
0.008803815177967245,0.568226918170795
0.008805486911021898,0.5178342182480216
0.008806839177257775,0.467252596638608
0.008808335572066728,0.4164498908361477
0.42246079566376027,0.431736406841434
0.44356726030368154,0.39160104544762453
0.008812935933188548,0.2623842443145199
0.008814353456283897,0.21036260306617915
0.008815867115189668,0.15794872209606492
0.008817461802842708,0.10510568895873895
0.008819028336141344,0.05179542756984179
0.0088206755465432,-0.002021336683530217
0.14343057557393202,-0.014897346215961949
0.3033366745744206,-0.014893653214371527
0.44702244113685596,-0.014890359166289446
0.5769124057067279,-0.014887401827061164
0.6949714375394169,-0.014884707442686551
0.8028087020377286,-0.014882223974898467
0.9017546729386956,-0.01487992659370263
0.992918844472277,-0.014877877148327223
1.077234376647364,-0.014875941268592707
1.1554911870197284,-0.014874127796476122
1.2283626321315875,-0.01487246870524106
1.2964264629649496,-0.0148709095275813
1.360181062316232,-0.014869416537545588
1.4200584671099163,-0.014868074999111247
1.4764356058142083,-0.014866751486328433
1.5296421662876718,-0.01486553921658662
1.5799683571834857,-0.014864360809509036
1.6276702402886187,-0.014863274145547112
1.6729749146358397,-0.014862255235712274
1.7160844630487369,-0.014861244907680593
1.7571791068418532,-0.014860314195699664
1.7964203581494884,-0.014859450353795434
1.8339534036193712,-0.014858562819612509
1.8699088577501852,-0.014857720374171657
1.9044047369615182,-0.014856986314512377
1.9375481740013163,-0.014856223673333502
1.9694362729929118,-0.014855469498046947
2.0001574683572096,-0.014854732636292334
2.029792397533867,-0.014854084644605692
2.058414992325466,-0.014853411493876534
2.086092861385449,-0.014852760699081924
2.1128881565522306,-0.014852122748128527
2.138857998702992,-0.014851581861514807
2.1640552770557804,-0.01485097104891786
2.1885285683856073,-0.01485047283001173
2.2123231239550245,-0.014849914006675458
2.2354806922133026,-0.014849396875005638
2.2580402302864933,-0.01484879158841601
2.2800377305405037,-0.014848335341812513
2.3015070263547157,-0.014847865427851215
2.322479600517669,-0.0148473774590685
2.3429848827707276,-0.014846895761278178
2.3630504625816893,-0.014846419392387955
2.382702198652367,-0.0148460045401545
2.401964501402245,-0.014845524839925073
2.4208602218122763,-0.01484509104577647
2.4394109810484967,-0.014844685552492076
2.4576372217638114,-0.014844249410077781
2.475558213479926,-0.014843873892063097
2.4931923133509017,-0.014843447826603962
2.510556862049996,-0.014843050186399531
2.5276684044120796,-0.014842634600287119
2.544542661395912,-0.014842251124463135
2.561194663095658,-0.014841879241199063
2.5776387649601626,-0.014841531380268114
2.5938887447278693,-0.014841128823429584
2.6099577633236777,-0.014840768753432543
2.6258585131895416,-0.014840422478580195
2.6416032261705626,-0.014840024053650258
2.657203660513946,-0.014839674514052326
2.6726712257168015,-0.014839325118524038
2.6880169630499178,-0.014838974987839926
2.7032515898424574,-0.014838636815268313
2.718385538668679,-0.014838299293392976
2.733428982234718,-0.014837945512190198
2.7483918510442984,-0.014837628718540552
2.7632838928547,-0.014837251155929487
2.7781146485421853,-0.014836931248096819
2.7928935295109647,-0.014836600996425253
2.8076298095281107,-0.014836251821644053
2.8223326559574256,-0.014835883397133043
2.8370111515251066,-0.014835569573000695
2.8516743262611715,-0.014835224869516606
2.8663311673730782,-0.014834905472412285
2.880990648347409,-0.014834572734580331
2.8956617474374453,-0.014834212678294989
2.910353475205633,-0.014833894348828203
2.925074885848593,-0.014833528994325773
2.939835118545191,-0.014833222988505312
2.9546433908300034,-0.014832856040896458
2.969509061904265,-0.014832549026665642
2.98444160739268,-0.014832180904663206
2.9994506984640634,-0.014831851785021444
3.014546180461297,-0.01483151606326516
3.0297381192272144,-0.014831146031903941
3.045036852545703,-0.014830832482376821
3.0604529568634393,-0.01483047481597144
3.0759973449406126,-0.014830111668515111
3.0916812572480206,-0.0148297237183741
3.1075163346901236,-0.014829382397624102
3.123514583912479,-0.01482899330763432
3.1396885236835193,-0.014828667335303192
3.1560510952413763,-0.014828289020166863
3.172615819696516,-0.014827879214246553
3.1893968215151616,-0.01482749690089058
3.206408844152398,-0.014827140477812195
3.2236672814778244,-0.014826703661421803
3.2411883791665232,-0.014826309304899365
3.258989141865439,-0.014825922459458352
3.2770874681029647,-0.014825510126336816
3.2955022502196036,-0.014825081649116889
3.3142534539223663,-0.014824667753756793
3.3333621705700276,-0.014824241205778965
3.3528507560399774,-0.014823788235394986
3.3727429507134783,-0.014823316070670223
3.393064005540856,-0.014822849947388028
3.4138408136007405,-0.014822419125219422
3.435101979239435,-0.014821933073427274
3.456878122748493,-0.014821393154161644
3.479202072891476,-0.014820882219087728
3.502108922133636,-0.014820347723536909
3.52563640169625,-0.014819803066332793
3.549825135860839,-0.014819307658267666
3.5747187509233878,-0.014818742402066376
3.60036444596954,-0.014818114400352744
3.626813367002543,-0.01481754046891115
3.6541206670274327,-0.014816849692993794
3.6823465424536055,-0.01481620722510768
3.7088052621204626,-0.012102576382363228
3.7088046219131385,0.016625170900318453
3.708804035999011,0.04441134855961937
3.708803437841871,0.07131775899671167
3.7088028924384444,0.09740118987172863
3.7088023396334524,0.12271413700011313
3.708801828200375,0.1473050319961886
3.7088012590386086,0.17121883947694083
3.7088007421625067,0.1944971120673914
3.7088002734376393,0.21717855361493932
3.7087997508927546,0.23929926281529945
3.7087992673079664,0.2608927684848181
3.7087987997501615,0.28199046960326013
3.708798416545047,0.3026216882364533
3.708797968304399,0.32281403833268807
3.7087975219003098,0.3425933118607179
3.7087970751655157,0.36198380249173795
3.708796664491503,0.3810083707803345
3.708796254594994,0.39968862096147906
3.7087958813898068,0.4180449314931173
3.7087954682693365,0.43609664400140397
3.7087951170303195,0.4538620133432349
3.7087946897275286,0.4713584811635815
3.7087943074577088,0.4886025286671977
3.7087939718786074,0.5056099132838319
3.708793614565286,0.5223957019342913
3.708793256962287,0.5389742685994197
3.708792887537415,0.5553593957007932
3.7087925017491505,0.5715643087896913
3.7087921970450837,0.5876016970509209
3.708791805442799,0.6034838611755005
3.708791497862169,0.6192225833031882
3.7087911215011737,0.6348293434248337
3.7087908027357535,0.6503152019443841
3.708790448012934,0.6656909512764826
3.7087901134482992,0.680967065359503
3.708789789973226,0.6961537752492446
3.708789477939999,0.711261081855053
3.7087891425907795,0.7262987890670832
3.708788845102802,0.7412765141058245
3.7087885167017234,0.7562037389754469
3.7087881454086684,0.7710898119174271
3.7087878436845525,0.7859439731525039
3.7087874973814214,0.800775398145775
3.7087871867610502,0.8155931968158597
3.7087868918119193,0.8304064504249508
3.708786553225351,0.8452242266805567
3.7087862512206953,0.8600556063374005
3.7087859061411974,0.8749096993420423
3.708785573319027,0.8897956765143169
3.7087852598277244,0.9047227864665485
3.708784918755078,0.9197003738633835
3.7087846194756793,0.9347379207931179
3.7087842424636444,0.949845035744293
3.708783941130303,0.9650315393492618
3.708783598022474,0.9803074139593061
3.70878328180031,0.9956828996097087
3.7087829369894507,1.0111684704032609
3.708782599830162,1.0267749049883115
3.708782260733492,1.0425132908423707
3.708781900091313,1.0583950633075205
3.708781577892596,1.074432066599113
3.7087811768439565,1.0906365178437645
3.7087808290606734,1.1070211733743907
3.708780482657837,1.123599242078627
3.708780094060596,1.140384485777588
3.7087797545238277,1.1573913196533412
3.708779366899463,1.1746347453207682
3.7087789873021357,1.1921305386395837
3.7087786051139786,1.2098952279267778
3.708778196455457,1.2279461809844003
3.708777822977769,1.2463017274681207
3.708777402189838,1.264981129579601
3.7087770066044943,1.284004817781528
3.708776568689036,1.303394338081168
3.708776107363441,1.3231725765485534
3.7087756781291166,1.3433638560738554
3.7087752150830475,1.363993969367604
3.7087747692471806,1.3850904652140892
3.70877427673742,1.4066826612840901
3.7087738620441044,1.4288020216703847
3.708773337742436,1.451482005099829
3.7087728106347475,1.4747587062604253
3.708772289838711,1.4986708251501262
3.70877176233668,1.5232599866780379
3.7087712379521207,1.5485710791614942
3.7087706732416077,1.574652530795627
3.7087700460721185,1.6015567534654416
3.708769473976898,1.629340691610715
3.708768855184581,1.6580659819045347
3.7087681661259198,1.6877997764174002
3.708767512996148,1.7186154435237915
3.7087667945396654,1.7505929456865912
3.708766120756605,1.7838201032686865
3.708765332327822,1.818393022169674
3.7087645432628538,1.854417795355769
3.7087637715599584,1.892011361941586
3.708762852412307,1.9313028447528047
3.7087619986680935,1.9724359814854588
3.70876108084874,2.0155702086600726
3.708760086964664,2.06088360376247
3.708759023121166,2.1085755447560333
3.708757933851431,2.158870044287524
3.7087567757946243,2.2120194837906877
3.708755521429407,2.2683094700484396
3.708754241603945,2.3280646568331953
3.708752884216568,2.391655243932191
3.7087513846333664,2.45950552877191
3.7087498083310835,2.5321044832191664
3.708748081784943,2.610017980570354
3.70874625028135,2.6939051854728167
3.708744336077997,2.784538259250998
3.7087421306911836,2.8828271964055423
3.7087398259316204,2.9898537900565154
3.7087373045007945,3.1069120710644733
3.708734483077834,3.235564264875824
3.708731429717128,3.377714446377835
3.708727971286286,3.5357061206249116
3.7007322496309785,3.685186122327447
3.6466358380240074,3.6851846168346944
3.593055931563822,3.6851832511862637
3.5399527908955637,3.685181901657436
3.4872880162321866,3.6851806645420075
3.4350242863985567,3.685179243716197
3.3831254666674635,3.685177958209292
3.331556267623657,3.6851766446346144
3.280282300030051,3.6851754185776393
3.229269870990975,3.6851740234340356
3.1784860355845956,3.6851728219522406
3.127898326552449,3.6851714199068075
3.077474846346429,3.6851701216841923
3.0271840570799746,3.685168775603023
2.9769947705635955,3.6851675103556976
2.9268760354268593,3.6851662788661916
2.876797077188691,3.6851651102328846
2.8267272186824117,3.685163880480575
2.7766358109934006,3.685162555055923
2.7264921505833004,3.685161187884876
2.676265396576982,3.6851599150161793
2.6259245080499007,3.685158705249596
2.575438183123922,3.6851573448870507
2.5247747151382907,3.6851561285579146
2.473901999555334,3.6851548825759854
2.422787424546025,3.685153409121522
2.3713976731481425,3.6851521543311025
2.319698808386721,3.6851509838815804
2.2676561443995347,3.6851496086845863
2.2152340179548284,3.685148229666692
2.162395829030827,3.685146770830621
2.109103793716443,3.6851455061996474
2.055319080411077,3.6851440559667874
2.0010013594047464,3.6851426859947463
1.946108938884429,3.6851412886417907
1.8905984649622094,3.685139965766879
1.8344249579900243,3.6851384598181305
1.777541310191452,3.6851371547818093
1.7198986439525712,3.6851355900890375
1.6614455255256753,3.685134098687532
1.602128249020553,3.6851325249078917
1.5418902451388525,3.685131146537351
1.480672316892701,3.685129604154766
1.4184119015743262,3.6851279919898867
1.3550429855087391,3.685126396046726
1.2904959382028443,3.6851246403807663
1.22469676669895,3.6851230568656783
2.0313212618941985,2.2178942905977705
2.0313206017498855,2.163968258835739
2.0313199085336393,2.1130045467440053
2.03131929031626,2.0647366763164756
2.0313187194828632,2.0189289782897166
2.03131815719971,1.9753720946141173
2.031317619105585,1.933879302926121
2.0313170885838066,1.8942836270966517
2.031316635281343,1.8564351341486822
2.031316185643269,1.8201990658287555
2.031315705084117,1.7854537519863056
2.0313152637190015,1.7520889670492505
2.0313148546906183,1.7200047895245039
2.0313144843594513,1.6891103213838217
2.031314048209768,1.6593228013202845
2.031313716336064,1.6305663295523827
2.0067990444071846,1.6257834542825684
1.976246110173122,1.6257838823939816
1.9444905087730016,1.6257842329089085
1.9114389828549658,1.6257846647070018
1.8769890634595239,1.625785153341447
1.8410276945991655,1.6257856286215113
1.803429613862588,1.6257861199617056
1.76405586464338,1.6257866005952657
1.7227516870062274,1.625787099126797
1.6793442390665987,1.6257876683803199
1.6336400535150557,1.6257882591654291
0.008744291486120215,2.6172978724461156
0.008746329534960573,2.5483969765709515
0.008748315973780674,2.4809387701448102
0.0087502294946602,2.4148383926878543
0.008752113520888116,2.350015960209794
0.008753930866439497,2.2863962280946932
0.008755659402952531,2.22390815462232
0.008757424802086522,2.1624844941547163
0.008759233041852443,2.1020616170437005
0.008760934673199383,2.0425792235388887
0.008762653379825291,1.9839798893525082
0.008764365131187724,1.9262090142069483
0.008766149793848932,1.869214491746648
0.008767794922786898,1.8129466521258275
0.008769307234568036,1.757357876392458
0.00877100181763213,1.7024024152509745
0.008772461150825972,1.6480365567697888
0.008774005906652338,1.5942180078594208
0.008775678069652848,1.5409060788425353
0.008777133482397392,1.4880615502916128
0.00877870854603735,1.4356462848496652
0.008780181461940817,1.3836234169086237
0.008781626434035239,1.3319570395670643
0.008783116611027264,1.2806121753401747
0.008784664202431625,1.2295546858671411
0.00878616665549492,1.1787511790593812
0.008787596048732027,1.128168888604614
0.008788959684803643,1.0777755975651024
0.008790503700603747,1.0275395432862569
0.008791971232431806,0.9774293974132783
0.008793529212451912,0.9274141087656362
0.00879479848593645,0.8774628816266961
0.00879627026956431,0.8275450495143334
